,ts_code,trade_date,open,high,low,close,pre_close,change,pct_chg,vol,amount
0,002747.SZ,20200724,16.8,16.81,15.56,16.2,16.51,-0.31,-1.8776,285487.23,460908.718
1,002747.SZ,20200723,17.8,18.07,16.24,16.51,17.95,-1.44,-8.0223,332693.07,561431.8420000001
2,002747.SZ,20200722,17.12,18.18,16.9,17.95,17.21,0.74,4.2998,184201.74,325956.565
3,002747.SZ,20200721,17.2,17.87,16.77,17.21,16.97,0.24,1.4143,226621.76,390465.48600000003
4,002747.SZ,20200720,15.8,16.97,15.5,16.97,15.43,1.54,9.9806,320102.62,530137.9920000001
5,002747.SZ,20200717,14.86,15.8,14.8,15.43,14.87,0.56,3.766,199292.16,305435.914
6,002747.SZ,20200716,14.95,16.1,14.83,14.87,15.23,-0.36,-2.3638,229290.8,353556.481
7,002747.SZ,20200715,15.4,15.6,14.8,15.23,15.2,0.03,0.1974,213356.58,323258.908
8,002747.SZ,20200714,15.21,16.16,14.68,15.2,15.32,-0.12,-0.7833,222269.86,340759.69700000004
9,002747.SZ,20200713,14.97,15.43,14.75,15.32,15.12,0.2,1.3228,184452.45,278886.69800000003
10,002747.SZ,20200710,15.63,15.68,14.6,15.12,15.5,-0.38,-2.4516,218210.43,329484.318
11,002747.SZ,20200709,14.2,15.5,14.01,15.5,14.09,1.41,10.0071,267772.91,395199.48600000003
12,002747.SZ,20200708,13.03,14.4,13.03,14.09,13.09,1.0,7.6394,293345.03,407198.381
13,002747.SZ,20200707,13.05,13.55,12.92,13.09,13.0,0.09,0.6923,184150.75,243893.075
14,002747.SZ,20200706,12.97,13.16,12.78,13.0,12.9,0.1,0.7752,241303.32,313084.24
15,002747.SZ,20200703,12.39,13.1,12.3,12.9,12.35,0.55,4.4534,218369.18,278710.53
16,002747.SZ,20200702,12.37,12.48,12.05,12.35,12.38,-0.03,-0.2423,164501.68,201440.634
17,002747.SZ,20200701,11.95,12.65,11.8,12.38,11.96,0.42,3.5117,228877.17,280866.55100000004
18,002747.SZ,20200630,11.62,12.15,11.51,11.96,11.58,0.38,3.2815,192286.3,228599.44600000003
19,002747.SZ,20200629,11.17,11.77,10.96,11.58,11.19,0.39,3.4853,207979.77,237171.97699999998
20,002747.SZ,20200624,11.32,11.41,11.08,11.19,11.35,-0.16,-1.4097,124793.19,140215.789
21,002747.SZ,20200623,11.09,11.72,11.03,11.35,11.08,0.27,2.4368,223595.75,256107.121
22,002747.SZ,20200622,11.1,11.31,10.93,11.08,11.05,0.03,0.2715,145578.4,161746.863
23,002747.SZ,20200619,11.15,11.2,10.93,11.05,11.05,0.0,0.0,113959.89,125997.534
24,002747.SZ,20200618,11.22,11.39,11.0,11.05,11.33,-0.28,-2.4713,150478.58,168049.28399999999
25,002747.SZ,20200617,11.4,11.69,11.1,11.33,10.96,0.37,3.3759,278214.1,313691.26
26,002747.SZ,20200616,10.09,10.96,10.05,10.96,9.96,1.0,10.0402,177673.09,188478.61
27,002747.SZ,20200615,10.24,10.37,9.95,9.96,10.24,-0.28,-2.7344,131237.86,133263.669
28,002747.SZ,20200612,10.2,10.38,10.09,10.24,10.41,-0.17,-1.633,80052.0,81944.18400000001
29,002747.SZ,20200611,10.5,10.69,10.34,10.41,10.52,-0.11,-1.0456,73533.43,77291.533
30,002747.SZ,20200610,10.71,10.74,10.5,10.52,10.74,-0.22,-2.0484,55156.0,58237.469000000005
31,002747.SZ,20200609,10.88,10.95,10.6,10.74,10.9,-0.16,-1.4679,107257.02,115350.037
32,002747.SZ,20200608,11.03,11.23,10.84,10.9,10.98,-0.08,-0.7286,118986.02,130820.131
33,002747.SZ,20200605,10.72,11.3,10.66,10.98,10.8,0.18,1.6667,151691.99,167690.705
34,002747.SZ,20200604,10.75,10.92,10.74,10.8,10.82,-0.02,-0.1848,77147.97,83411.19900000001
35,002747.SZ,20200603,10.83,10.95,10.74,10.82,10.77,0.05,0.4643,120125.3,130335.838
36,002747.SZ,20200602,10.6,10.91,10.56,10.77,10.68,0.09,0.8427,151853.68,163035.63199999998
37,002747.SZ,20200601,9.95,10.83,9.94,10.68,9.94,0.74,7.4447,209009.36,220700.31399999998
38,002747.SZ,20200529,9.53,10.07,9.52,9.94,9.55,0.39,4.0838,151720.43,149678.32
39,002747.SZ,20200528,9.45,9.56,9.25,9.55,9.47,0.08,0.8448,77921.1,73298.02799999999
40,002747.SZ,20200527,9.67,9.78,9.42,9.47,9.66,-0.19,-1.9669,70622.03,67425.082
41,002747.SZ,20200526,9.37,9.69,9.28,9.66,9.37,0.29,3.095,98835.0,93425.55099999999
42,002747.SZ,20200525,9.55,9.55,9.27,9.37,9.53,-0.16,-1.6789,65015.05,60982.128
43,002747.SZ,20200522,9.75,9.87,9.45,9.53,9.8,-0.27,-2.7551,90944.55,87089.065
44,002747.SZ,20200521,10.18,10.2,9.79,9.8,10.15,-0.35,-3.4483,101647.1,101181.85699999999
45,002747.SZ,20200520,10.26,10.4,10.07,10.15,10.25,-0.1,-0.9756,68203.19,69793.94900000001
46,002747.SZ,20200519,10.13,10.33,10.05,10.25,10.02,0.23,2.2954,77755.82,79394.021
47,002747.SZ,20200518,10.56,10.56,10.02,10.02,10.55,-0.53,-5.0237,137420.31,140002.342
48,002747.SZ,20200515,10.5,10.66,10.47,10.55,10.54,0.01,0.0949,114287.03,120764.70800000001
49,002747.SZ,20200514,10.55,10.65,10.35,10.54,10.52,0.02,0.1901,86194.65,90461.871
50,002747.SZ,20200513,10.57,10.6,10.41,10.52,10.57,-0.05,-0.473,72049.74,75772.453
51,002747.SZ,20200512,10.9,10.93,10.43,10.57,10.67,-0.1,-0.9372,97388.08,103405.58099999999
52,002747.SZ,20200511,10.72,10.98,10.52,10.67,10.48,0.19,1.8130000000000002,139413.99,149894.00199999998
53,002747.SZ,20200508,10.6,10.87,10.41,10.48,10.51,-0.03,-0.2854,98431.92,103993.37199999999
54,002747.SZ,20200507,10.63,10.85,10.45,10.51,10.57,-0.06,-0.5676,78669.76,83332.541
55,002747.SZ,20200506,10.27,10.63,10.18,10.57,10.39,0.18,1.7324,121253.36,126489.29
56,002747.SZ,20200430,9.53,10.48,9.5,10.39,9.53,0.86,9.0241,165782.55,170245.52
57,002747.SZ,20200429,9.46,9.65,9.32,9.53,9.44,0.09,0.9534,72422.83,68525.262
58,002747.SZ,20200428,10.2,10.38,9.3,9.44,10.33,-0.89,-8.6157,179275.56,171244.218
59,002747.SZ,20200427,10.51,10.6,10.3,10.33,10.52,-0.19,-1.8061,60296.47,62871.014
60,002747.SZ,20200424,10.65,10.87,10.45,10.52,10.7,-0.18,-1.6822,102521.32,109122.51199999999
61,002747.SZ,20200423,10.7,10.97,10.56,10.7,10.67,0.03,0.2812,118086.58,127340.558
62,002747.SZ,20200422,10.19,10.76,10.07,10.67,10.2,0.47,4.6078,146049.6,152709.14800000002
63,002747.SZ,20200421,10.07,10.23,10.0,10.2,10.16,0.04,0.3937,58749.58,59396.191
64,002747.SZ,20200420,9.88,10.18,9.85,10.16,9.91,0.25,2.5227,59757.28,60077.003
65,002747.SZ,20200417,10.02,10.21,9.87,9.91,9.98,-0.07,-0.7014,67694.83,67954.777
66,002747.SZ,20200416,9.73,10.02,9.62,9.98,9.74,0.24,2.4641,52436.37,51748.973
67,002747.SZ,20200415,9.9,9.96,9.71,9.74,9.86,-0.12,-1.217,43945.62,43320.630999999994
68,002747.SZ,20200414,9.73,9.87,9.67,9.86,9.73,0.13,1.3361,43246.41,42285.525
69,002747.SZ,20200413,9.9,9.91,9.67,9.73,9.9,-0.17,-1.7172,32166.28,31309.582000000002
70,002747.SZ,20200410,10.21,10.23,9.83,9.9,10.19,-0.29,-2.8459,46223.38,46130.183
71,002747.SZ,20200409,10.17,10.3,10.1,10.19,10.14,0.05,0.4931,56762.41,57888.19
72,002747.SZ,20200408,9.96,10.2,9.87,10.14,9.94,0.2,2.0121,79716.55,80250.408
73,002747.SZ,20200407,9.91,10.23,9.89,9.94,9.67,0.27,2.7921,97928.3,98111.97099999999
74,002747.SZ,20200403,9.66,9.75,9.59,9.67,9.7,-0.03,-0.3093,61263.95,59222.794
75,002747.SZ,20200402,9.4,9.73,9.25,9.7,9.37,0.33,3.5219,71949.34,68294.55
76,002747.SZ,20200401,9.1,9.6,9.1,9.37,9.25,0.12,1.2973,89274.06,84062.12199999999
77,002747.SZ,20200331,9.5,9.54,9.24,9.25,9.38,-0.13,-1.3859,67458.94,63157.5
78,002747.SZ,20200330,9.79,9.8,9.18,9.38,9.82,-0.44,-4.4807,88822.38,83246.784
79,002747.SZ,20200327,10.05,10.08,9.8,9.82,9.91,-0.09,-0.9082,77393.83,76818.142
80,002747.SZ,20200326,10.08,10.13,9.87,9.91,10.14,-0.23,-2.2682,76659.45,76576.658
81,002747.SZ,20200325,10.28,10.35,10.03,10.14,9.98,0.16,1.6032,121459.92,123579.117
82,002747.SZ,20200324,10.15,10.23,9.6,9.98,9.95,0.03,0.3015,116644.44,115815.412
83,002747.SZ,20200323,10.19,10.39,9.88,9.95,10.58,-0.63,-5.9546,99613.36,100398.03199999999
84,002747.SZ,20200320,10.91,10.92,10.44,10.58,10.64,-0.06,-0.5639,89406.44,95189.09
85,002747.SZ,20200319,10.55,10.68,10.3,10.64,10.5,0.14,1.3333,108653.47,114220.189
86,002747.SZ,20200318,10.9,11.04,10.5,10.5,10.77,-0.27,-2.5069999999999997,100909.08,108908.207
87,002747.SZ,20200317,10.71,10.87,10.19,10.77,10.52,0.25,2.3764,136512.86,144853.386
88,002747.SZ,20200316,11.37,11.55,10.43,10.52,11.33,-0.81,-7.1492,156916.38,172047.164
89,002747.SZ,20200313,11.03,11.54,11.01,11.33,11.68,-0.35,-2.9966,147005.71,165672.24599999998
90,002747.SZ,20200312,11.74,11.96,11.47,11.68,11.91,-0.23,-1.9312,92982.11,108570.9
91,002747.SZ,20200311,11.99,12.15,11.77,11.91,11.9,0.01,0.084,136019.74,162630.718
92,002747.SZ,20200310,11.03,11.93,11.03,11.9,11.3,0.6,5.3097,167572.98,194332.312
93,002747.SZ,20200309,11.97,12.0,11.28,11.3,12.22,-0.92,-7.5286,155815.46,181281.542
94,002747.SZ,20200306,11.99,12.68,11.8,12.22,12.13,0.09,0.742,199924.92,243852.296
95,002747.SZ,20200305,12.05,12.26,11.8,12.13,11.94,0.19,1.5913,185882.12,224321.889
96,002747.SZ,20200304,11.54,12.06,11.35,11.94,11.56,0.38,3.2872,199894.21,234988.38600000003
97,002747.SZ,20200303,11.6,11.99,11.39,11.56,11.47,0.09,0.7847,227088.51,265454.893
98,002747.SZ,20200302,11.18,11.69,10.78,11.47,11.1,0.37,3.3333,254984.6,287299.352
99,002747.SZ,20200228,11.78,12.02,11.1,11.1,12.33,-1.23,-9.9757,326656.5,372817.239
100,002747.SZ,20200227,12.39,12.55,12.08,12.33,12.15,0.18,1.4815,283414.74,349827.99299999996
101,002747.SZ,20200226,12.61,12.83,11.97,12.15,12.95,-0.8,-6.1776,394706.65,491539.85
102,002747.SZ,20200225,13.17,13.45,12.56,12.95,13.53,-0.58,-4.2868,427094.39,554783.774
103,002747.SZ,20200224,13.3,13.62,13.08,13.53,13.15,0.38,2.8897,206334.56,277038.776
104,002747.SZ,20200221,13.44,13.87,13.03,13.15,13.61,-0.46,-3.3799,254587.72,340625.965
105,002747.SZ,20200220,13.46,13.75,13.19,13.61,13.52,0.09,0.6657,197563.81,265874.859
106,002747.SZ,20200219,12.82,14.03,12.6,13.52,12.82,0.7,5.4602,286537.16,383271.05700000003
107,002747.SZ,20200218,12.85,12.92,12.58,12.82,12.81,0.01,0.0781,156361.54,199256.232
108,002747.SZ,20200217,12.51,12.84,12.38,12.81,12.57,0.24,1.9093,188023.75,237659.61899999998
109,002747.SZ,20200214,12.41,12.79,12.32,12.57,12.66,-0.09,-0.7109,144414.66,180683.59100000001
110,002747.SZ,20200213,12.29,13.2,12.18,12.66,12.19,0.47,3.8556,264140.73,337206.98299999995
111,002747.SZ,20200212,11.93,12.32,11.9,12.19,12.03,0.16,1.33,180139.71,218717.738
112,002747.SZ,20200211,12.43,12.54,11.94,12.03,12.31,-0.28,-2.2746,197232.12,240087.746
113,002747.SZ,20200210,12.0,12.88,11.88,12.31,11.96,0.35,2.9264,234882.29,290718.238
114,002747.SZ,20200207,11.95,12.56,11.7,11.96,11.78,0.18,1.528,256251.44,308776.651
115,002747.SZ,20200206,10.7,11.78,10.5,11.78,10.71,1.07,9.9907,256243.34,289982.744
116,002747.SZ,20200205,10.45,10.88,10.3,10.71,10.59,0.12,1.1331,161618.16,171293.788
117,002747.SZ,20200204,9.64,10.67,9.53,10.59,9.7,0.89,9.1753,189291.61,191920.736
118,002747.SZ,20200203,9.7,9.84,9.7,9.7,10.78,-1.08,-10.0186,81077.56,78763.712
119,002747.SZ,20200123,11.54,11.59,10.5,10.78,11.62,-0.84,-7.2289,213356.49,232059.9
120,002747.SZ,20200122,11.67,11.84,11.0,11.62,11.88,-0.26,-2.1886,195031.2,222815.25600000002
121,002747.SZ,20200121,11.9,12.16,11.76,11.88,11.88,0.0,0.0,90847.01,108418.37599999999
122,002747.SZ,20200120,11.64,12.06,11.6,11.88,11.65,0.23,1.9742,81398.09,96327.891
123,002747.SZ,20200117,11.83,11.9,11.52,11.65,11.84,-0.19,-1.6047,78974.7,92696.62
124,002747.SZ,20200116,11.73,11.96,11.63,11.84,11.73,0.11,0.9378,71072.79,83983.817
125,002747.SZ,20200115,11.88,11.88,11.58,11.73,11.93,-0.2,-1.6764,81082.2,94838.296
126,002747.SZ,20200114,12.0,12.15,11.75,11.93,11.94,-0.01,-0.0838,82833.03,98709.606
127,002747.SZ,20200113,11.82,12.09,11.71,11.94,11.94,0.0,0.0,120355.39,143061.05800000002
128,002747.SZ,20200110,12.26,12.3,11.74,11.94,12.2,-0.26,-2.1311,189932.45,227626.172
129,002747.SZ,20200109,11.24,12.2,11.23,12.2,11.09,1.11,10.009,204716.67,243318.704
130,002747.SZ,20200108,11.25,11.36,11.0,11.09,11.37,-0.28,-2.4626,96183.16,107562.56300000001
131,002747.SZ,20200107,11.07,11.39,10.98,11.37,11.07,0.3,2.71,154765.09,173100.122
132,002747.SZ,20200106,11.11,11.23,10.92,11.07,11.27,-0.2,-1.7746,159696.02,176331.575
133,002747.SZ,20200103,11.36,11.48,11.21,11.27,11.29,-0.02,-0.1771,51916.83,58771.7
134,002747.SZ,20200102,11.29,11.48,11.25,11.29,11.26,0.03,0.2664,77374.66,87830.416
135,002747.SZ,20191231,11.45,11.45,11.17,11.26,11.34,-0.08,-0.7055,49157.7,55410.901
136,002747.SZ,20191230,10.87,11.45,10.83,11.34,11.04,0.3,2.7174,85366.83,96172.12800000001
137,002747.SZ,20191227,11.2,11.31,10.82,11.04,11.29,-0.25,-2.2143,88435.26,97783.97099999999
138,002747.SZ,20191226,11.27,11.52,11.16,11.29,11.29,0.0,0.0,55441.23,62592.804000000004
139,002747.SZ,20191225,11.12,11.4,11.05,11.29,11.2,0.09,0.8036,66367.34,74284.22
140,002747.SZ,20191224,11.0,11.25,10.94,11.2,11.0,0.2,1.8182,57486.53,63926.975999999995
141,002747.SZ,20191223,10.98,11.44,10.8,11.0,11.02,-0.02,-0.1815,107263.56,120080.08099999999
142,002747.SZ,20191220,11.01,11.07,10.8,11.02,10.97,0.05,0.4558,78873.39,86353.44099999999
143,002747.SZ,20191219,10.92,11.14,10.89,10.97,11.0,-0.03,-0.2727,101192.99,111041.989
144,002747.SZ,20191218,11.69,11.75,10.86,11.0,11.3,-0.3,-2.6549,173532.04,192021.474
145,002747.SZ,20191217,10.87,11.47,10.8,11.3,10.85,0.45,4.1475,183369.19,204381.783
146,002747.SZ,20191216,10.32,10.86,10.26,10.85,10.31,0.54,5.2376,143760.44,152770.137
147,002747.SZ,20191213,9.8,10.5,9.8,10.31,9.72,0.59,6.07,179824.6,184479.26899999997
148,002747.SZ,20191212,9.84,9.88,9.7,9.72,9.81,-0.09,-0.9174,30826.0,30149.367000000002
149,002747.SZ,20191211,9.88,9.99,9.72,9.81,9.84,-0.03,-0.3049,52077.39,51411.172999999995
150,002747.SZ,20191210,9.89,9.92,9.68,9.84,9.93,-0.09,-0.9063,56336.0,55141.257000000005
151,002747.SZ,20191209,9.72,9.96,9.63,9.93,9.67,0.26,2.6887,94209.6,92868.015
152,002747.SZ,20191206,9.54,9.68,9.49,9.67,9.52,0.15,1.5756,53855.15,51673.933
153,002747.SZ,20191205,9.49,9.63,9.41,9.52,9.5,0.02,0.2105,48277.15,45945.350999999995
154,002747.SZ,20191204,9.63,9.65,9.43,9.5,9.68,-0.18,-1.8595,33770.14,32123.389
155,002747.SZ,20191203,9.51,9.69,9.4,9.68,9.56,0.12,1.2552,45824.98,43852.554000000004
156,002747.SZ,20191202,9.26,9.8,9.26,9.56,9.4,0.16,1.7021,82319.85,79292.004
157,002747.SZ,20191129,9.34,9.5,9.26,9.4,9.36,0.04,0.4274,33362.0,31304.284
158,002747.SZ,20191128,9.36,9.44,9.26,9.36,9.36,0.0,0.0,35875.23,33538.106
159,002747.SZ,20191127,9.25,9.54,9.16,9.36,9.23,0.13,1.4085,83173.7,77994.27900000001
160,002747.SZ,20191126,9.29,9.31,9.17,9.23,9.3,-0.07,-0.7527,42639.95,39417.501000000004
161,002747.SZ,20191125,9.35,9.48,9.04,9.3,9.3,0.0,0.0,84538.36,78433.575
162,002747.SZ,20191122,9.23,9.37,9.11,9.3,9.2,0.1,1.087,121708.64,112571.4
163,002747.SZ,20191121,8.59,9.37,8.57,9.2,8.59,0.61,7.1013,206836.03,188315.831
164,002747.SZ,20191120,8.68,8.74,8.57,8.59,8.68,-0.09,-1.0369,31117.01,26957.947
165,002747.SZ,20191119,8.49,8.74,8.4,8.68,8.4,0.28,3.3333,56240.45,48294.068
166,002747.SZ,20191118,8.33,8.55,8.26,8.4,8.34,0.06,0.7194,29631.7,24947.612999999998
167,002747.SZ,20191115,8.26,8.39,8.23,8.34,8.27,0.07,0.8464,25884.0,21549.135
168,002747.SZ,20191114,8.23,8.32,8.16,8.27,8.23,0.04,0.486,19269.6,15913.38
169,002747.SZ,20191113,8.32,8.42,8.2,8.23,8.4,-0.17,-2.0238,24694.9,20426.069
170,002747.SZ,20191112,8.39,8.49,8.14,8.4,8.38,0.02,0.2387,53417.65,44204.944
171,002747.SZ,20191111,8.57,8.64,8.34,8.38,8.63,-0.25,-2.8969,39575.64,33593.919
172,002747.SZ,20191108,8.78,8.86,8.6,8.63,8.76,-0.13,-1.484,36512.0,31767.937
173,002747.SZ,20191107,8.77,8.86,8.72,8.76,8.75,0.01,0.1143,19606.86,17215.761000000002
174,002747.SZ,20191106,8.89,8.93,8.69,8.75,8.85,-0.1,-1.1299,31037.0,27373.062
175,002747.SZ,20191105,8.99,8.99,8.8,8.85,8.95,-0.1,-1.1173,36287.3,32228.679
176,002747.SZ,20191104,8.8,9.0,8.76,8.95,8.81,0.14,1.5891,42619.0,38101.552
177,002747.SZ,20191101,8.56,8.84,8.56,8.81,8.54,0.27,3.1616,43584.38,38006.975
178,002747.SZ,20191031,8.6,8.74,8.45,8.54,8.76,-0.22,-2.5114,54326.78,46690.21400000001
179,002747.SZ,20191030,8.95,8.98,8.75,8.76,8.95,-0.19,-2.1229,34186.46,30209.154
180,002747.SZ,20191029,9.18,9.19,8.95,8.95,9.2,-0.25,-2.7174,48744.0,44126.47900000001
181,002747.SZ,20191028,9.0,9.24,8.96,9.2,8.97,0.23,2.5641,62706.05,57281.212999999996
182,002747.SZ,20191025,8.91,8.97,8.74,8.97,8.91,0.06,0.6734,31012.55,27498.647999999997
183,002747.SZ,20191024,8.92,8.99,8.86,8.91,8.92,-0.01,-0.1121,19083.86,17032.206000000002
184,002747.SZ,20191023,9.0,9.03,8.9,8.92,9.01,-0.09,-0.9989,24512.0,21922.528
185,002747.SZ,20191022,8.64,9.05,8.64,9.01,8.67,0.34,3.9216,70553.66,62739.791
186,002747.SZ,20191021,8.81,8.85,8.55,8.67,8.8,-0.13,-1.4773,36708.23,31803.822
187,002747.SZ,20191018,8.91,8.99,8.71,8.8,8.87,-0.07,-0.7892,39410.0,34903.903
188,002747.SZ,20191017,8.87,8.99,8.83,8.87,8.99,-0.12,-1.3348,34283.78,30556.967
189,002747.SZ,20191016,9.07,9.09,8.95,8.99,9.0,-0.01,-0.1111,28120.86,25351.441000000003
190,002747.SZ,20191015,9.13,9.2,8.95,9.0,9.17,-0.17,-1.8539,54930.17,49613.097
191,002747.SZ,20191014,9.06,9.25,9.05,9.17,8.97,0.2,2.2297,70621.41,64773.363
192,002747.SZ,20191011,9.06,9.1,8.85,8.97,9.1,-0.13,-1.4286,65610.11,58851.117999999995
193,002747.SZ,20191010,9.08,9.12,9.0,9.1,9.08,0.02,0.2203,52098.46,47184.264
194,002747.SZ,20191009,9.03,9.08,8.9,9.08,9.03,0.05,0.5537,39780.06,35775.617
195,002747.SZ,20191008,9.06,9.15,8.98,9.03,9.05,-0.02,-0.221,35656.6,32318.702999999998
196,002747.SZ,20190930,9.16,9.23,8.96,9.05,9.22,-0.17,-1.8438,71976.73,65293.66
197,002747.SZ,20190927,9.43,9.43,9.15,9.22,9.31,-0.09,-0.9667,85827.73,79791.156
198,002747.SZ,20190926,9.8,9.93,9.27,9.31,9.7,-0.39,-4.0206,134628.0,129130.194
199,002747.SZ,20190925,9.57,9.9,9.52,9.7,9.63,0.07,0.7269,118425.71,115866.65699999999
200,002747.SZ,20190924,9.6,9.65,9.4,9.63,9.52,0.11,1.1555,60294.62,57544.111
201,002747.SZ,20190923,9.69,9.69,9.37,9.52,9.69,-0.17,-1.7544,62352.1,59279.46400000001
202,002747.SZ,20190920,9.76,9.85,9.67,9.69,9.77,-0.08,-0.8188,63498.0,61878.64599999999
203,002747.SZ,20190919,9.8,9.81,9.65,9.77,9.77,0.0,0.0,50509.43,49117.208
204,002747.SZ,20190918,9.68,9.88,9.67,9.77,9.73,0.04,0.4111,68768.92,67259.15
205,002747.SZ,20190917,9.94,9.98,9.65,9.73,9.99,-0.26,-2.6026,119655.03,117009.179
206,002747.SZ,20190916,10.03,10.14,9.93,9.99,10.03,-0.04,-0.3988,119040.71,119272.23199999999
207,002747.SZ,20190912,10.2,10.3,9.95,10.03,10.18,-0.15,-1.4735,155157.91,156119.053
208,002747.SZ,20190911,10.29,10.59,10.14,10.18,10.33,-0.15,-1.4521,260499.59,270036.089
209,002747.SZ,20190910,11.09,11.09,10.22,10.33,10.08,0.25,2.4802,511960.62,548400.71
210,002747.SZ,20190909,10.08,10.08,10.08,10.08,9.16,0.92,10.0437,7829.0,7891.632
211,002747.SZ,20190823,9.25,9.31,9.13,9.16,9.25,-0.09,-0.973,92128.0,84749.535
212,002747.SZ,20190822,9.29,9.58,9.23,9.25,9.25,0.0,0.0,106945.2,100156.086
213,002747.SZ,20190821,9.34,9.43,9.21,9.25,9.35,-0.1,-1.0695,86504.97,80451.703
214,002747.SZ,20190820,9.6,9.64,9.34,9.35,9.62,-0.27,-2.8067,154025.57,145457.947
215,002747.SZ,20190819,9.2,9.64,9.09,9.62,9.2,0.42,4.5652,177866.44,166235.626
216,002747.SZ,20190816,8.87,9.27,8.87,9.2,8.85,0.35,3.9548,156296.95,142357.571
217,002747.SZ,20190815,8.4,8.86,8.26,8.85,8.57,0.28,3.2672,74487.21,64517.83900000001
218,002747.SZ,20190814,8.6,8.71,8.53,8.57,8.53,0.04,0.4689,46945.03,40422.055
219,002747.SZ,20190813,8.5,8.56,8.38,8.53,8.43,0.1,1.1862,50489.27,42720.581
220,002747.SZ,20190812,8.28,8.43,8.21,8.43,8.22,0.21,2.5547,35195.0,29254.126
221,002747.SZ,20190809,8.44,8.47,8.18,8.22,8.38,-0.16,-1.9093,40664.3,33691.545
222,002747.SZ,20190808,8.3,8.45,8.3,8.38,8.28,0.1,1.2077,44410.73,37244.282
223,002747.SZ,20190807,8.49,8.57,8.26,8.28,8.48,-0.2,-2.3585,49949.44,41922.488
224,002747.SZ,20190806,8.56,8.59,8.11,8.48,8.79,-0.31,-3.5267,101523.68,85084.117
225,002747.SZ,20190805,8.85,8.98,8.75,8.79,8.82,-0.03,-0.3401,63682.2,56452.102
226,002747.SZ,20190802,8.81,8.94,8.69,8.82,9.06,-0.24,-2.6489999999999996,88398.21,77790.207
227,002747.SZ,20190801,8.93,9.13,8.92,9.06,9.03,0.03,0.3322,83319.4,75152.757
228,002747.SZ,20190731,9.04,9.18,8.94,9.03,9.09,-0.06,-0.6601,89924.53,81278.776
229,002747.SZ,20190730,9.13,9.33,9.02,9.09,9.22,-0.13,-1.41,97525.1,89246.306
230,002747.SZ,20190729,9.06,9.42,9.0,9.22,9.16,0.06,0.655,168644.54,154933.91
231,002747.SZ,20190726,8.39,9.29,8.33,9.16,8.45,0.71,8.4024,235709.42,210939.087
232,002747.SZ,20190725,8.71,8.84,8.38,8.45,8.67,-0.22,-2.5375,129626.22,111345.321
233,002747.SZ,20190724,8.53,8.74,8.46,8.67,8.53,0.14,1.6413,58485.97,50611.337
234,002747.SZ,20190723,8.44,8.58,8.33,8.53,8.49,0.04,0.4711,61395.5,51884.538
235,002747.SZ,20190722,8.9,8.9,8.48,8.49,8.9,-0.41,-4.6067,88911.25,77053.055
236,002747.SZ,20190719,8.58,8.9,8.53,8.9,8.55,0.35,4.0936,108291.43,94620.918
237,002747.SZ,20190718,8.39,8.74,8.33,8.55,8.43,0.12,1.4235,89800.8,77184.025
238,002747.SZ,20190717,8.35,8.45,8.27,8.43,8.33,0.1,1.2005,47586.0,39970.198
239,002747.SZ,20190716,8.49,8.49,8.3,8.33,8.26,0.07,0.8475,61309.43,51219.737
240,002747.SZ,20190715,8.25,8.33,8.02,8.26,8.36,-0.1,-1.1962,92862.04,76125.674
241,002747.SZ,20190712,8.3,8.44,8.28,8.36,8.35,0.01,0.1198,29443.94,24631.653
242,002747.SZ,20190711,8.51,8.55,8.28,8.35,8.47,-0.12,-1.4168,36844.68,31001.022
243,002747.SZ,20190710,8.65,8.73,8.4,8.47,8.66,-0.19,-2.194,53301.55,45370.452000000005
244,002747.SZ,20190709,8.69,8.75,8.58,8.66,8.69,-0.03,-0.3452,25341.82,21908.265
245,002747.SZ,20190708,8.99,8.99,8.65,8.69,8.93,-0.24,-2.6876,44917.0,39355.235
246,002747.SZ,20190705,8.85,8.94,8.78,8.93,8.84,0.09,1.0181,28432.78,25158.011000000002
247,002747.SZ,20190704,8.85,8.93,8.8,8.84,8.86,-0.02,-0.2257,26241.8,23209.917999999998
248,002747.SZ,20190703,8.97,9.01,8.81,8.86,9.02,-0.16,-1.7738,50679.0,44891.859000000004
249,002747.SZ,20190702,9.1,9.13,9.0,9.02,9.1,-0.08,-0.8791,47295.3,42800.267
250,002747.SZ,20190701,8.95,9.1,8.92,9.1,8.79,0.31,3.5267,58221.3,52631.732
251,002747.SZ,20190628,8.99,8.99,8.73,8.79,8.96,-0.17,-1.8973,39653.0,34939.847
252,002747.SZ,20190627,8.96,9.02,8.9,8.96,8.94,0.02,0.2237,31850.0,28588.925
253,002747.SZ,20190626,8.9,9.02,8.88,8.94,8.95,-0.01,-0.1117,29447.82,26364.722999999998
254,002747.SZ,20190625,9.1,9.13,8.84,8.95,9.14,-0.19,-2.0788,38780.0,34738.016
255,002747.SZ,20190624,9.19,9.21,9.09,9.14,9.18,-0.04,-0.4357,30013.98,27427.124
256,002747.SZ,20190621,9.15,9.28,9.14,9.18,9.08,0.1,1.1013,52128.32,48027.623
257,002747.SZ,20190620,8.94,9.14,8.92,9.08,8.98,0.1,1.1136,43808.09,39609.707
258,002747.SZ,20190619,9.08,9.13,8.94,8.98,8.88,0.1,1.1261,39219.12,35376.869
259,002747.SZ,20190618,8.81,8.93,8.73,8.88,8.81,0.07,0.7946,24875.4,22013.257
260,002747.SZ,20190617,8.77,8.95,8.74,8.81,8.76,0.05,0.5708,24132.22,21348.375
261,002747.SZ,20190614,8.97,9.04,8.74,8.76,8.99,-0.23,-2.5584,40830.36,36226.545
262,002747.SZ,20190613,9.02,9.1,8.91,8.99,9.06,-0.07,-0.7726,35613.14,32017.447999999997
263,002747.SZ,20190612,9.18,9.19,9.06,9.06,9.16,-0.1,-1.0917,32096.14,29260.002999999997
264,002747.SZ,20190611,8.84,9.18,8.83,9.16,8.86,0.3,3.386,38286.67,34729.712
265,002747.SZ,20190610,8.94,9.0,8.84,8.86,8.93,-0.07,-0.7839,21300.0,18988.145
266,002747.SZ,20190606,9.07,9.07,8.9,8.93,9.0,-0.07,-0.7778,31517.12,28326.189
267,002747.SZ,20190605,9.06,9.09,8.96,9.0,8.95,0.05,0.5587,25472.0,22999.367000000002
268,002747.SZ,20190604,8.96,9.08,8.76,8.95,8.96,-0.01,-0.1116,32311.75,28775.313
269,002747.SZ,20190603,9.1,9.15,8.93,8.96,9.13,-0.17,-1.8619999999999999,26487.28,23870.492000000002
270,002747.SZ,20190531,9.09,9.21,9.03,9.2,9.09,0.11,1.2101,36918.12,33651.028
271,002747.SZ,20190530,9.07,9.17,9.04,9.09,9.17,-0.08,-0.8724,37763.06,34335.336
272,002747.SZ,20190529,9.07,9.26,9.07,9.17,9.15,0.02,0.2186,31944.76,29397.289
273,002747.SZ,20190528,9.11,9.22,9.05,9.15,9.06,0.09,0.9934,51855.19,47483.882000000005
274,002747.SZ,20190527,8.79,9.08,8.61,9.06,8.74,0.32,3.6613,55891.14,49770.384000000005
275,002747.SZ,20190524,8.86,8.93,8.69,8.74,8.94,-0.2,-2.2371,35708.0,31281.263
276,002747.SZ,20190523,9.0,9.36,8.89,8.94,8.84,0.1,1.1312,85124.67,77440.427
277,002747.SZ,20190522,8.88,8.92,8.76,8.84,8.84,0.0,0.0,36667.4,32438.658
278,002747.SZ,20190521,8.7,8.86,8.61,8.84,8.68,0.16,1.8433,52849.67,46366.208
279,002747.SZ,20190520,8.76,8.78,8.38,8.68,8.74,-0.06,-0.6865,54906.27,46952.544
280,002747.SZ,20190517,9.2,9.26,8.73,8.74,9.2,-0.46,-5.0,73280.5,65550.31599999999
281,002747.SZ,20190516,9.13,9.29,9.02,9.2,9.13,0.07,0.7667,62151.66,56820.84
282,002747.SZ,20190515,9.1,9.17,9.04,9.13,9.03,0.1,1.1074,33662.0,30668.752999999997
283,002747.SZ,20190514,9.06,9.19,9.02,9.03,9.21,-0.18,-1.9544,44853.15,40737.498
284,002747.SZ,20190513,9.21,9.34,9.17,9.21,9.38,-0.17,-1.8124,29292.06,27081.694
285,002747.SZ,20190510,9.19,9.4,8.82,9.38,9.11,0.27,2.9638,51688.56,47906.263
286,002747.SZ,20190509,9.2,9.32,9.1,9.11,9.21,-0.1,-1.0858,32104.7,29560.808999999997
287,002747.SZ,20190508,8.81,9.38,8.77,9.21,9.01,0.2,2.2198,53142.7,48722.996
288,002747.SZ,20190507,8.88,9.15,8.73,9.01,8.76,0.25,2.8539,66009.58,58974.768
289,002747.SZ,20190506,9.38,9.39,8.76,8.76,9.73,-0.97,-9.9692,88410.19,79567.0
290,002747.SZ,20190430,9.72,9.92,9.6,9.73,9.71,0.02,0.20600000000000002,40478.24,39616.828
291,002747.SZ,20190429,10.0,10.08,9.61,9.71,10.0,-0.29,-2.9,54729.0,53661.495
292,002747.SZ,20190426,9.68,10.08,9.68,10.0,9.91,0.09,0.9082,49972.94,49585.702000000005
293,002747.SZ,20190425,10.25,10.38,9.88,9.91,10.32,-0.41,-3.9729,50139.78,50521.092000000004
294,002747.SZ,20190424,10.15,10.33,9.99,10.32,10.13,0.19,1.8756,49583.73,50311.317
295,002747.SZ,20190423,10.45,10.49,10.0,10.13,10.45,-0.32,-3.0622,71560.87,72769.836
296,002747.SZ,20190422,10.61,10.67,10.4,10.45,10.61,-0.16,-1.508,39586.0,41857.144
297,002747.SZ,20190419,10.49,10.61,10.45,10.61,10.52,0.09,0.8555,41429.16,43698.18
298,002747.SZ,20190418,10.74,10.74,10.45,10.52,10.76,-0.24,-2.2305,55550.4,58769.640999999996
299,002747.SZ,20190417,10.7,10.76,10.56,10.76,10.7,0.06,0.5607,59656.0,63707.897000000004
300,002747.SZ,20190416,10.38,10.7,10.18,10.7,10.5,0.2,1.9048,71722.0,74839.295
301,002747.SZ,20190415,10.9,10.95,10.5,10.5,10.77,-0.27,-2.5069999999999997,70391.0,75608.974
302,002747.SZ,20190412,10.6,10.85,10.6,10.77,10.68,0.09,0.8427,48700.54,52129.72900000001
303,002747.SZ,20190411,10.9,11.06,10.61,10.68,10.89,-0.21,-1.9284,64895.4,70306.291
304,002747.SZ,20190410,10.95,10.98,10.7,10.89,11.03,-0.14,-1.2693,59172.19,64277.106
305,002747.SZ,20190409,10.95,11.16,10.9,11.03,11.05,-0.02,-0.18100000000000002,64305.0,70874.90299999999
306,002747.SZ,20190408,11.4,11.5,10.78,11.05,11.39,-0.34,-2.9851,122170.8,135789.796
307,002747.SZ,20190404,11.6,11.69,11.31,11.39,11.52,-0.13,-1.1285,100405.84,114911.88900000001
308,002747.SZ,20190403,11.45,11.59,11.28,11.52,11.42,0.1,0.8757,108397.13,123898.69099999999
309,002747.SZ,20190402,11.67,11.75,11.36,11.42,11.63,-0.21,-1.8057,130836.0,150804.006
310,002747.SZ,20190401,10.98,11.67,10.97,11.63,10.89,0.74,6.7952,185832.84,212913.24
311,002747.SZ,20190329,10.75,10.98,10.28,10.89,10.8,0.09,0.8333,126964.25,135710.94400000002
312,002747.SZ,20190328,11.17,11.25,10.76,10.8,11.17,-0.37,-3.3124,91640.4,100840.68400000001
313,002747.SZ,20190327,11.22,11.31,11.01,11.17,11.02,0.15,1.3612,69750.2,77776.519
314,002747.SZ,20190326,11.3,11.5,10.96,11.02,11.31,-0.29,-2.5641,91606.66,102710.56
315,002747.SZ,20190325,11.01,11.65,10.95,11.31,11.27,0.04,0.3549,129032.53,146392.376
316,002747.SZ,20190322,11.31,11.33,11.05,11.27,11.36,-0.09,-0.7923,81662.01,91500.446
317,002747.SZ,20190321,11.24,11.47,11.16,11.36,11.35,0.01,0.0881,131376.06,148358.64
318,002747.SZ,20190320,11.26,11.55,10.95,11.35,11.14,0.21,1.8851,153355.26,173003.99800000002
319,002747.SZ,20190319,11.2,11.35,11.01,11.14,11.17,-0.03,-0.2686,81939.49,91600.81300000001
320,002747.SZ,20190318,10.82,11.2,10.73,11.17,10.82,0.35,3.2348,105547.97,116180.311
321,002747.SZ,20190315,10.97,11.08,10.5,10.82,10.88,-0.06,-0.5515,109141.79,118749.894
322,002747.SZ,20190314,11.4,11.56,10.58,10.88,11.54,-0.66,-5.7192,158997.8,173657.05399999997
323,002747.SZ,20190313,11.85,11.98,11.36,11.54,11.93,-0.39,-3.2691,143502.67,166991.156
324,002747.SZ,20190312,12.13,12.37,11.66,11.93,11.9,0.03,0.2521,239976.82,287045.935
325,002747.SZ,20190311,11.2,11.9,11.16,11.9,10.9,1.0,9.1743,188546.2,217853.486
326,002747.SZ,20190308,11.09,11.64,10.68,10.9,11.43,-0.53,-4.6369,183094.97,204714.57100000003
327,002747.SZ,20190307,11.43,11.85,11.2,11.43,11.3,0.13,1.1504,216582.36,248774.9
328,002747.SZ,20190306,11.94,11.94,11.08,11.3,11.33,-0.03,-0.2648,286679.84,330801.693
329,002747.SZ,20190305,10.45,11.33,10.35,11.33,10.3,1.03,10.0,201177.91,218377.167
330,002747.SZ,20190304,10.2,10.57,10.19,10.3,10.13,0.17,1.6782,119331.81,124340.70800000001
331,002747.SZ,20190301,10.23,10.37,10.0,10.13,10.22,-0.09,-0.8806,59762.22,60367.245
332,002747.SZ,20190228,9.98,10.25,9.89,10.22,10.12,0.1,0.9881,61317.87,62115.361
333,002747.SZ,20190227,10.33,10.55,10.0,10.12,10.33,-0.21,-2.0329,98317.43,101043.93699999999
334,002747.SZ,20190226,10.2,10.67,10.08,10.33,10.19,0.14,1.3739,144382.38,150639.835
335,002747.SZ,20190225,9.8,10.3,9.6,10.19,9.6,0.59,6.1458,145782.91,145424.29
336,002747.SZ,20190222,9.31,9.6,9.31,9.6,9.22,0.38,4.1215,97163.29,92322.65699999999
337,002747.SZ,20190221,9.4,9.56,9.22,9.22,9.33,-0.11,-1.179,81454.81,76575.30900000001
338,002747.SZ,20190220,9.4,9.53,9.28,9.33,9.48,-0.15,-1.5823,69335.73,64952.327000000005
339,002747.SZ,20190219,9.53,9.76,9.3,9.48,9.54,-0.06,-0.6289,76115.41,72573.144
340,002747.SZ,20190218,9.29,9.64,9.26,9.54,9.3,0.24,2.5806,79961.52,75595.631
341,002747.SZ,20190215,9.15,9.38,9.12,9.3,9.21,0.09,0.9772,59639.77,55043.05
342,002747.SZ,20190214,8.85,9.74,8.85,9.21,8.85,0.36,4.0678,113742.78,106322.37400000001
343,002747.SZ,20190213,8.73,9.0,8.6,8.85,8.69,0.16,1.8412,83068.13,73359.745
344,002747.SZ,20190212,8.41,8.74,8.34,8.69,8.44,0.25,2.9621,73750.95,63616.89599999999
345,002747.SZ,20190211,8.01,8.46,8.01,8.44,8.0,0.44,5.5,55544.53,46025.093
346,002747.SZ,20190201,7.77,8.0,7.75,8.0,7.77,0.23,2.9601,21677.99,17163.073
347,002747.SZ,20190131,7.88,7.95,7.75,7.77,7.86,-0.09,-1.145,24376.7,19133.74
348,002747.SZ,20190130,7.93,8.03,7.84,7.86,7.94,-0.08,-1.0076,19323.98,15299.377
349,002747.SZ,20190129,8.1,8.1,7.83,7.94,8.1,-0.16,-1.9753,38058.42,30230.657000000003
350,002747.SZ,20190128,8.31,8.34,8.03,8.1,8.26,-0.16,-1.9369999999999998,43955.05,35958.934
351,002747.SZ,20190125,8.32,8.42,8.23,8.26,8.32,-0.06,-0.7212,31084.42,25825.334
352,002747.SZ,20190124,8.24,8.44,8.22,8.32,8.27,0.05,0.6046,32947.08,27463.17
353,002747.SZ,20190123,8.29,8.32,8.21,8.27,8.29,-0.02,-0.2413,15226.59,12583.833
354,002747.SZ,20190122,8.46,8.49,8.2,8.29,8.46,-0.17,-2.0095,30519.94,25371.392000000003
355,002747.SZ,20190121,8.38,8.51,8.36,8.46,8.38,0.08,0.9547,27770.68,23461.118
356,002747.SZ,20190118,8.33,8.38,8.24,8.38,8.3,0.08,0.9639,24688.84,20545.843999999997
357,002747.SZ,20190117,8.45,8.49,8.25,8.3,8.5,-0.2,-2.3529,34514.0,28798.042
358,002747.SZ,20190116,8.55,8.6,8.47,8.5,8.61,-0.11,-1.2776,44664.02,38026.399
359,002747.SZ,20190115,8.3,8.65,8.2,8.61,8.24,0.37,4.4903,73249.86,62153.404
360,002747.SZ,20190114,8.33,8.39,8.2,8.24,8.31,-0.07,-0.8424,28920.45,23944.197
361,002747.SZ,20190111,8.34,8.36,8.04,8.31,8.38,-0.07,-0.8353,52417.84,43027.02
362,002747.SZ,20190110,8.55,8.56,8.35,8.38,8.46,-0.08,-0.9456,36841.57,31195.227000000003
363,002747.SZ,20190109,8.44,8.6,8.4,8.46,8.45,0.01,0.1183,38933.25,33155.525
364,002747.SZ,20190108,8.5,8.52,8.37,8.45,8.54,-0.09,-1.0539,29835.27,25180.048
365,002747.SZ,20190107,8.36,8.63,8.26,8.54,8.26,0.28,3.3898,59473.06,50224.797
366,002747.SZ,20190104,8.0,8.29,7.95,8.26,8.13,0.13,1.599,57017.95,46557.309
367,002747.SZ,20190103,8.45,8.5,8.12,8.13,8.46,-0.33,-3.9007,58266.18,47973.843
368,002747.SZ,20190102,8.66,8.66,8.45,8.46,8.51,-0.05,-0.5875,25814.7,21981.422000000002
369,002747.SZ,20181228,8.74,8.78,8.49,8.51,8.69,-0.18,-2.0713,25662.38,22158.336
370,002747.SZ,20181227,9.0,9.06,8.69,8.69,8.9,-0.21,-2.3596,38945.89,34555.564
371,002747.SZ,20181226,8.83,8.9,8.75,8.9,8.75,0.15,1.7143,22815.95,20118.772
372,002747.SZ,20181225,8.85,8.85,8.66,8.75,8.97,-0.22,-2.4526,41415.0,36167.211
373,002747.SZ,20181224,8.9,9.03,8.85,8.97,8.93,0.04,0.4479,25404.62,22719.424
374,002747.SZ,20181221,9.05,9.05,8.85,8.93,9.03,-0.1,-1.1074,20817.97,18594.587
375,002747.SZ,20181220,8.95,9.11,8.95,9.03,8.96,0.07,0.7813,17774.22,16036.243
376,002747.SZ,20181219,9.39,9.42,8.96,8.96,9.33,-0.37,-3.9657,39352.0,35848.028
377,002747.SZ,20181218,9.38,9.42,9.21,9.33,9.45,-0.12,-1.2698,27403.76,25522.556
378,002747.SZ,20181217,9.45,9.58,9.32,9.45,9.59,-0.14,-1.4599,32782.43,30810.997000000003
379,002747.SZ,20181214,9.53,9.84,9.44,9.59,9.55,0.04,0.4188,68505.7,66278.859
380,002747.SZ,20181213,9.58,9.63,9.45,9.55,9.47,0.08,0.8448,27561.9,26357.176
381,002747.SZ,20181212,9.59,9.62,9.46,9.47,9.5,-0.03,-0.3158,23175.12,22060.728
382,002747.SZ,20181211,9.5,9.61,9.38,9.5,9.44,0.06,0.6356,27481.23,26035.397999999997
383,002747.SZ,20181210,9.46,9.55,9.36,9.44,9.6,-0.16,-1.6667,31588.63,29797.535
384,002747.SZ,20181207,9.8,9.85,9.5,9.6,9.73,-0.13,-1.3361,51372.95,49392.509000000005
385,002747.SZ,20181206,9.46,9.85,9.46,9.73,9.57,0.16,1.6719,98466.21,95846.354
386,002747.SZ,20181205,9.3,9.7,9.2,9.57,9.46,0.11,1.1628,60582.0,57392.999
387,002747.SZ,20181204,9.41,9.57,9.35,9.46,9.43,0.03,0.3181,51210.74,48551.112
388,002747.SZ,20181203,9.34,9.48,9.31,9.43,9.12,0.31,3.3991,67217.16,63238.617999999995
389,002747.SZ,20181130,9.14,9.15,8.94,9.12,8.99,0.13,1.4461,35382.5,32056.264
390,002747.SZ,20181129,9.23,9.24,8.96,8.99,9.14,-0.15,-1.6411,45578.13,41573.197
391,002747.SZ,20181128,8.9,9.24,8.85,9.14,8.99,0.15,1.6685,49732.01,45101.85
392,002747.SZ,20181127,8.91,9.05,8.85,8.99,8.86,0.13,1.4673,34723.74,31170.797000000002
393,002747.SZ,20181126,9.0,9.01,8.78,8.86,8.85,0.01,0.113,29596.0,26310.77
394,002747.SZ,20181123,9.09,9.09,8.77,8.85,9.06,-0.21,-2.3179,53239.0,47272.748
395,002747.SZ,20181122,9.05,9.15,9.01,9.06,9.02,0.04,0.4435,37699.26,34180.479
396,002747.SZ,20181121,8.9,9.08,8.8,9.02,9.01,0.01,0.111,60136.17,53998.566
397,002747.SZ,20181120,9.4,9.4,8.99,9.01,9.76,-0.75,-7.6844,133250.34,122816.769
398,002747.SZ,20181119,9.88,9.95,9.59,9.76,9.84,-0.08,-0.813,63980.91,62055.622
399,002747.SZ,20181116,9.91,10.06,9.77,9.84,9.81,0.03,0.3058,80404.95,79564.989
400,002747.SZ,20181115,9.63,9.86,9.61,9.81,9.65,0.16,1.6580000000000001,71824.44,70138.271
401,002747.SZ,20181114,9.68,10.09,9.6,9.65,9.74,-0.09,-0.924,121806.78,119629.90699999999
402,002747.SZ,20181113,9.15,9.76,9.07,9.74,9.28,0.46,4.9569,139981.58,132799.594
403,002747.SZ,20181112,9.0,9.29,9.0,9.28,9.06,0.22,2.4283,65179.54,59833.762
404,002747.SZ,20181109,9.0,9.24,8.98,9.06,9.07,-0.01,-0.1103,42248.0,38504.171
405,002747.SZ,20181108,9.24,9.26,9.04,9.07,9.15,-0.08,-0.8743,46370.0,42334.746
406,002747.SZ,20181107,9.18,9.34,9.11,9.15,9.16,-0.01,-0.1092,52699.82,48633.712999999996
407,002747.SZ,20181106,9.22,9.22,8.99,9.16,9.27,-0.11,-1.1866,48349.77,44110.596
408,002747.SZ,20181105,9.26,9.44,9.13,9.27,9.38,-0.11,-1.1727,82955.83,77051.462
409,002747.SZ,20181102,9.16,9.4,9.1,9.38,8.98,0.4,4.4543,143510.49,133187.552
410,002747.SZ,20181101,9.29,9.5,8.93,8.98,8.8,0.18,2.0455,120190.29,110193.37199999999
411,002747.SZ,20181031,8.77,8.87,8.71,8.8,8.73,0.07,0.8018,55468.88,48842.175
412,002747.SZ,20181030,8.71,8.84,8.45,8.73,8.69,0.04,0.4603,66210.67,57388.875
413,002747.SZ,20181029,8.98,8.98,8.5,8.69,8.98,-0.29,-3.2294,59746.32,52247.477999999996
414,002747.SZ,20181026,9.11,9.2,8.85,8.98,9.06,-0.08,-0.883,69706.82,62799.674000000006
415,002747.SZ,20181025,9.51,9.65,9.05,9.06,10.06,-1.0,-9.9404,151271.51,138830.952
416,002747.SZ,20181024,9.93,10.2,9.83,10.06,9.94,0.12,1.2072,50976.95,51075.205
417,002747.SZ,20181023,10.09,10.21,9.82,9.94,10.15,-0.21,-2.069,52235.61,52446.667
418,002747.SZ,20181022,9.58,10.2,9.58,10.15,9.46,0.69,7.2939,88673.77,88159.73800000001
419,002747.SZ,20181019,9.23,9.6,9.0,9.46,9.35,0.11,1.1765,49971.65,46636.994000000006
420,002747.SZ,20181018,9.69,9.69,9.25,9.35,9.72,-0.37,-3.8066,49951.01,46921.532999999996
421,002747.SZ,20181017,9.73,9.83,9.31,9.72,9.59,0.13,1.3556,42538.51,40776.44
422,002747.SZ,20181016,9.88,9.99,9.55,9.59,9.77,-0.18,-1.8424,28061.0,27316.076
423,002747.SZ,20181015,9.96,10.16,9.77,9.77,9.96,-0.19,-1.9076,31475.08,31419.267999999996
424,002747.SZ,20181012,9.93,10.15,9.44,9.96,10.0,-0.04,-0.4,60977.73,59862.655
425,002747.SZ,20181011,10.33,10.55,9.78,10.0,10.87,-0.87,-8.0037,85450.3,86516.165
426,002747.SZ,20181010,10.84,11.17,10.73,10.87,10.8,0.07,0.6481,38879.18,42552.883
427,002747.SZ,20181009,10.79,10.93,10.65,10.8,10.77,0.03,0.2786,42581.67,45977.984000000004
428,002747.SZ,20181008,11.49,11.49,10.63,10.77,11.68,-0.91,-7.7911,95745.83,106164.049
429,002747.SZ,20180928,10.94,11.72,10.94,11.68,10.94,0.74,6.7642,99739.37,114242.784
430,002747.SZ,20180927,11.27,11.31,10.93,10.94,11.33,-0.39,-3.4422,42420.84,47014.334
431,002747.SZ,20180926,11.33,11.43,11.2,11.33,11.28,0.05,0.4433,35722.75,40510.18
432,002747.SZ,20180925,11.15,11.44,11.15,11.28,11.33,-0.05,-0.4413,22086.0,24965.461
433,002747.SZ,20180921,11.24,11.38,11.22,11.33,11.22,0.11,0.9804,37948.07,42954.209
434,002747.SZ,20180920,11.28,11.42,11.2,11.22,11.29,-0.07,-0.62,35597.1,40147.589
435,002747.SZ,20180919,11.02,11.49,10.91,11.29,10.88,0.41,3.7684,78971.52,89038.097
436,002747.SZ,20180918,10.57,10.9,10.49,10.88,10.56,0.32,3.0303,47530.99,50986.282999999996
437,002747.SZ,20180917,11.13,11.18,10.53,10.56,11.13,-0.57,-5.1213,42680.31,45535.924000000006
438,002747.SZ,20180914,11.14,11.24,11.11,11.13,11.14,-0.01,-0.0898,27181.71,30334.171000000002
439,002747.SZ,20180913,11.23,11.3,10.93,11.14,11.04,0.1,0.9058,38052.0,42274.956
440,002747.SZ,20180912,11.06,11.15,10.92,11.04,11.02,0.02,0.1815,30532.01,33778.848
441,002747.SZ,20180911,11.08,11.17,10.89,11.02,10.95,0.07,0.6393,34122.85,37591.954
442,002747.SZ,20180910,11.39,11.59,10.8,10.95,11.41,-0.46,-4.0316,81806.75,90655.4
443,002747.SZ,20180907,11.77,11.94,11.4,11.41,11.7,-0.29,-2.4786,59516.0,69105.26299999999
444,002747.SZ,20180906,11.79,12.04,11.69,11.7,11.77,-0.07,-0.5947,32899.62,39036.1
445,002747.SZ,20180905,12.1,12.1,11.75,11.77,12.0,-0.23,-1.9167,32714.66,39115.72
446,002747.SZ,20180904,11.68,12.04,11.61,12.0,11.7,0.3,2.5641,39653.13,47116.302
447,002747.SZ,20180903,11.88,11.99,11.4,11.7,11.94,-0.24,-2.0101,43384.22,50317.53400000001
448,002747.SZ,20180831,12.34,12.43,11.91,11.94,12.36,-0.42,-3.3981,52524.18,63317.677
449,002747.SZ,20180830,12.41,12.67,12.35,12.36,12.49,-0.13,-1.0408,37065.0,46402.09
450,002747.SZ,20180829,12.77,12.82,12.45,12.49,12.86,-0.37,-2.8771,50059.55,63146.056
451,002747.SZ,20180828,12.83,12.92,12.71,12.86,12.83,0.03,0.2338,62661.4,80291.549
452,002747.SZ,20180827,12.55,12.88,12.45,12.83,12.46,0.37,2.9695,85603.8,108547.712
453,002747.SZ,20180824,12.68,12.68,12.41,12.46,12.69,-0.23,-1.8125,65200.0,81608.438
454,002747.SZ,20180823,12.48,12.71,12.41,12.69,12.53,0.16,1.2769,54115.22,68119.205
455,002747.SZ,20180822,12.63,12.75,12.5,12.53,12.62,-0.09,-0.7132,43134.34,54383.518
456,002747.SZ,20180821,12.5,12.72,12.46,12.62,12.4,0.22,1.7742,57257.0,72152.024
457,002747.SZ,20180820,12.42,12.54,12.02,12.4,12.32,0.08,0.6494,47742.84,58583.602999999996
458,002747.SZ,20180817,12.66,12.69,12.23,12.32,12.39,-0.07,-0.565,57495.09,71387.696
459,002747.SZ,20180816,12.66,12.87,12.31,12.39,12.89,-0.5,-3.8789999999999996,72928.07,91521.30099999999
460,002747.SZ,20180815,13.1,13.27,12.8,12.89,13.22,-0.33,-2.4962,69174.45,89578.498
461,002747.SZ,20180814,13.78,13.88,13.15,13.22,13.8,-0.58,-4.2029,110377.78,147896.611
462,002747.SZ,20180813,13.6,13.9,13.46,13.8,13.79,0.01,0.0725,83605.0,114559.439
463,002747.SZ,20180810,13.5,13.88,13.45,13.79,13.51,0.28,2.0725,87597.0,120005.15800000001
464,002747.SZ,20180809,13.18,13.71,13.1,13.51,13.22,0.29,2.1936,78200.4,105951.397
465,002747.SZ,20180808,13.4,13.52,13.1,13.22,13.4,-0.18,-1.3433,48942.0,65051.91
466,002747.SZ,20180807,12.74,13.45,12.7,13.4,12.73,0.67,5.2632,85275.92,112214.556
467,002747.SZ,20180806,12.55,12.89,12.33,12.73,12.66,0.07,0.5529,57364.92,72597.892
468,002747.SZ,20180803,13.18,13.3,12.63,12.66,13.38,-0.72,-5.3812,77710.3,100436.231
469,002747.SZ,20180802,12.9,13.43,12.52,13.38,13.16,0.22,1.6717,114712.1,148105.11
470,002747.SZ,20180801,13.46,13.55,13.15,13.16,13.31,-0.15,-1.127,77866.49,104213.915
471,002747.SZ,20180731,13.3,13.44,13.12,13.31,13.24,0.07,0.5287,78712.37,104968.99
472,002747.SZ,20180730,14.06,14.24,13.03,13.24,14.16,-0.92,-6.4972,170247.93,229269.84100000001
473,002747.SZ,20180727,14.26,14.5,13.99,14.16,14.55,-0.39,-2.6804,117073.65,166421.15300000002
474,002747.SZ,20180726,15.9,15.94,14.36,14.55,15.9,-1.35,-8.4906,234274.99,351689.83700000006
475,002747.SZ,20180725,16.16,16.26,15.81,15.9,16.35,-0.45,-2.7523,110424.7,176590.22100000002
476,002747.SZ,20180724,15.18,16.42,15.18,16.35,15.25,1.1,7.2131,189263.2,301483.183
477,002747.SZ,20180723,15.28,15.47,15.1,15.25,15.16,0.09,0.5937,123577.6,188281.185
478,002747.SZ,20180720,15.57,15.85,14.83,15.16,15.46,-0.3,-1.9405,152174.91,230468.27399999998
479,002747.SZ,20180719,15.5,16.15,15.38,15.46,15.69,-0.23,-1.47,120142.28,189399.262
480,002747.SZ,20180718,15.6,16.15,15.37,15.69,15.52,0.17,1.1,167440.56,263707.018
481,002747.SZ,20180717,14.6,15.75,14.6,15.52,14.7,0.82,5.58,200447.43,307922.803
482,002747.SZ,20180716,14.19,14.7,13.9,14.7,14.15,0.55,3.89,91948.13,132084.87
483,002747.SZ,20180713,14.26,14.4,13.99,14.15,14.35,-0.2,-1.39,73040.09,103349.20300000001
484,002747.SZ,20180712,13.86,14.45,13.75,14.35,13.86,0.49,3.54,112398.83,160287.135
485,002747.SZ,20180711,14.1,14.1,13.52,13.86,14.35,-0.49,-3.41,76894.44,106113.745
486,002747.SZ,20180710,14.49,14.55,14.2,14.35,14.58,-0.23,-1.58,54048.52,77412.792
487,002747.SZ,20180709,14.35,14.58,14.01,14.58,14.3,0.28,1.96,93630.94,133700.131
488,002747.SZ,20180706,14.34,14.49,14.04,14.3,14.28,0.02,0.14,79620.59,113691.56300000001
489,002747.SZ,20180705,14.02,14.63,13.72,14.28,14.08,0.2,1.42,102953.46,147693.524
490,002747.SZ,20180704,14.22,14.55,13.8,14.08,14.28,-0.2,-1.4,80761.9,114601.32800000001
491,002747.SZ,20180703,13.79,14.31,13.63,14.28,13.93,0.35,2.51,92810.3,129885.007
492,002747.SZ,20180702,13.98,14.44,13.8,13.93,13.98,-0.05,-0.36,86737.33,121694.0
493,002747.SZ,20180629,13.1,14.08,12.99,13.98,13.04,0.94,7.21,103686.95,141667.26
494,002747.SZ,20180628,13.05,13.34,12.96,13.04,13.04,0.0,0.0,46597.62,61466.380999999994
495,002747.SZ,20180627,13.49,13.55,12.95,13.04,13.4,-0.36,-2.69,59591.99,78681.33
496,002747.SZ,20180626,12.9,13.56,12.8,13.4,13.2,0.2,1.52,79333.89,105830.125
497,002747.SZ,20180625,13.09,13.67,13.07,13.2,13.03,0.17,1.3,64442.0,86185.155
498,002747.SZ,20180622,12.5,13.1,12.38,13.03,12.49,0.54,4.32,62545.11,80611.463
499,002747.SZ,20180621,12.85,13.12,12.48,12.49,12.9,-0.41,-3.18,47154.4,60027.710999999996
500,002747.SZ,20180620,12.11,13.31,12.08,12.9,12.11,0.79,6.52,95507.1,120879.64199999999
501,002747.SZ,20180619,11.78,12.65,11.6,12.11,12.07,0.04,0.33,153090.73,186513.415
502,002747.SZ,20180615,13.31,13.43,12.0,12.07,13.33,-1.26,-9.45,110826.68,139268.74800000002
503,002747.SZ,20180614,13.34,13.64,13.3,13.33,13.45,-0.12,-0.89,25145.47,33834.369
504,002747.SZ,20180613,13.72,13.84,13.36,13.45,13.87,-0.42,-3.03,39520.2,53671.414000000004
505,002747.SZ,20180612,13.73,14.05,13.4,13.87,13.87,0.0,0.0,49095.96,67368.69099999999
506,002747.SZ,20180611,14.2,14.2,13.78,13.87,14.26,-0.39,-2.73,38378.0,53522.85
507,002747.SZ,20180608,14.2,14.45,14.08,14.26,14.27,-0.01,-0.07,51510.68,73515.447
508,002747.SZ,20180607,14.15,14.67,14.05,14.27,14.02,0.25,1.78,82720.09,118234.543
509,002747.SZ,20180606,14.08,14.25,13.89,14.02,14.08,-0.06,-0.43,51813.51,72837.069
510,002747.SZ,20180605,13.52,14.08,13.42,14.08,13.51,0.57,4.22,64833.72,89294.388
511,002747.SZ,20180604,13.95,14.14,13.35,13.51,14.05,-0.54,-3.84,64871.66,89185.474
512,002747.SZ,20180601,13.7,14.25,13.22,14.05,13.86,0.19,1.37,83373.64,115130.935
513,002747.SZ,20180531,13.87,14.08,13.62,13.86,13.53,0.33,2.44,67694.33,93962.776
514,002747.SZ,20180530,14.25,14.26,13.41,13.53,14.4,-0.87,-6.04,82719.23,114136.569
515,002747.SZ,20180529,14.43,14.67,14.33,14.47,14.55,-0.08,-0.55,61255.46,88708.33300000001
516,002747.SZ,20180528,14.51,14.75,14.24,14.55,14.41,0.14,0.97,121737.79,176786.75600000002
517,002747.SZ,20180525,13.9,14.83,13.89,14.41,13.99,0.42,3.0,206299.12,299239.043
518,002747.SZ,20180524,13.45,14.1,13.34,13.99,13.45,0.54,4.01,111289.96,153429.723
519,002747.SZ,20180523,13.38,13.73,13.32,13.45,13.5,-0.05,-0.37,67552.4,91423.258
520,002747.SZ,20180522,13.85,13.9,13.28,13.5,13.81,-0.31,-2.24,107071.63,144983.684
521,002747.SZ,20180521,13.9,14.08,13.8,13.81,13.78,0.03,0.22,103150.62,143963.111
522,002747.SZ,20180518,13.78,13.9,13.55,13.78,13.78,0.0,0.0,57209.97,78343.295
523,002747.SZ,20180517,13.8,14.11,13.75,13.78,13.86,-0.08,-0.58,63949.56,89052.51800000001
524,002747.SZ,20180516,13.72,13.93,13.41,13.86,13.8,0.06,0.43,83935.01,115097.594
525,002747.SZ,20180515,13.8,14.14,13.7,13.8,13.8,0.0,0.0,79728.49,110625.3
526,002747.SZ,20180514,14.17,14.2,13.61,13.8,14.02,-0.22,-1.57,83040.69,114513.325
527,002747.SZ,20180511,14.15,14.35,13.98,14.02,13.98,0.04,0.29,129711.34,183532.43899999998
528,002747.SZ,20180510,13.86,14.05,13.77,13.98,13.86,0.12,0.87,81318.07,112978.245
529,002747.SZ,20180509,13.97,14.13,13.63,13.86,13.93,-0.07,-0.5,112284.79,155316.092
530,002747.SZ,20180508,14.08,14.26,13.81,13.93,13.95,-0.02,-0.14,118415.46,165499.557
531,002747.SZ,20180507,13.11,14.15,13.0,13.95,12.91,1.04,8.06,186474.88,256960.89899999998
532,002747.SZ,20180504,13.23,13.5,12.9,12.91,13.29,-0.38,-2.86,77341.07,102396.15400000001
533,002747.SZ,20180503,13.32,13.37,12.84,13.29,13.38,-0.09,-0.67,83613.65,109751.998
534,002747.SZ,20180502,13.12,13.39,12.68,13.38,12.98,0.4,3.08,113763.87,149105.24
535,002747.SZ,20180427,13.1,13.25,12.59,12.98,13.07,-0.09,-0.69,108176.71,140369.646
536,002747.SZ,20180426,13.47,13.6,12.95,13.07,13.5,-0.43,-3.19,104201.54,137761.333
537,002747.SZ,20180425,13.6,13.82,13.46,13.5,13.65,-0.15,-1.1,111693.89,151947.52800000002
538,002747.SZ,20180424,13.11,13.75,12.92,13.65,13.11,0.54,4.12,148457.4,198835.78
539,002747.SZ,20180423,12.72,13.29,12.64,13.11,12.75,0.36,2.82,141879.78,184600.077
540,002747.SZ,20180420,12.91,13.2,12.63,12.75,12.99,-0.24,-1.85,144336.69,186033.73
541,002747.SZ,20180419,12.7,13.09,12.49,12.99,12.87,0.12,0.93,207792.85,266033.26399999997
542,002747.SZ,20180418,11.84,12.87,11.7,12.87,11.7,1.17,10.0,258711.2,325185.223
543,002747.SZ,20180417,12.32,12.46,11.61,11.7,12.37,-0.67,-5.42,85253.68,102914.444
544,002747.SZ,20180416,12.28,12.53,12.1,12.37,12.28,0.09,0.73,75933.13,93676.88900000001
545,002747.SZ,20180413,12.12,12.44,12.12,12.28,12.04,0.24,1.99,68505.73,84255.008
546,002747.SZ,20180412,12.16,12.48,11.95,12.04,12.2,-0.16,-1.31,78708.0,96346.37400000001
547,002747.SZ,20180411,12.06,12.43,12.02,12.2,12.06,0.14,1.16,98686.0,120752.034
548,002747.SZ,20180410,12.56,12.7,11.88,12.06,12.11,-0.05,-0.41,125872.28,152897.434
549,002747.SZ,20180409,11.65,12.16,11.35,12.11,11.62,0.49,4.22,110131.57,130778.23300000001
550,002747.SZ,20180404,11.8,12.11,11.62,11.62,11.8,-0.18,-1.53,94543.13,112325.415
551,002747.SZ,20180403,11.76,11.9,11.6,11.8,12.01,-0.21,-1.75,90106.99,105709.648
552,002747.SZ,20180402,12.13,12.56,11.8,12.01,12.01,0.0,0.0,176643.38,214723.326
553,002747.SZ,20180330,11.73,12.1,11.5,12.01,11.5,0.51,4.43,161507.54,191693.615
554,002747.SZ,20180329,11.41,12.15,11.39,11.5,11.14,0.36,3.23,163262.24,190035.66100000002
555,002747.SZ,20180328,10.97,11.24,10.88,11.14,11.15,-0.01,-0.09,70664.43,78284.74900000001
556,002747.SZ,20180327,10.38,11.2,10.38,11.15,10.26,0.89,8.67,117928.51,128981.54199999999
557,002747.SZ,20180326,9.94,10.3,9.66,10.26,9.97,0.29,2.91,51221.71,51286.72900000001
558,002747.SZ,20180323,10.57,10.6,9.8,9.97,10.88,-0.91,-8.36,82490.83,84254.155
559,002747.SZ,20180322,11.0,11.07,10.81,10.88,10.9,-0.02,-0.18,33123.82,36200.961
560,002747.SZ,20180321,10.85,11.26,10.85,10.9,10.83,0.07,0.65,68256.23,75362.618
561,002747.SZ,20180320,10.48,10.91,10.38,10.83,10.57,0.26,2.46,57465.48,61528.46400000001
562,002747.SZ,20180319,10.46,10.88,10.4,10.57,10.5,0.07,0.67,53644.0,57243.122
563,002747.SZ,20180316,10.6,10.68,10.41,10.5,10.66,-0.16,-1.5,49720.0,52264.082
564,002747.SZ,20180315,10.6,10.87,10.46,10.66,10.81,-0.15,-1.39,49210.81,52204.017
565,002747.SZ,20180314,10.89,11.26,10.8,10.81,10.94,-0.13,-1.19,60125.34,66223.182
566,002747.SZ,20180313,11.19,11.19,10.85,10.94,11.12,-0.18,-1.62,51946.1,57006.384000000005
567,002747.SZ,20180312,11.16,11.4,11.04,11.12,11.03,0.09,0.82,71371.09,79925.095
568,002747.SZ,20180309,10.77,11.08,10.7,11.03,10.76,0.27,2.51,64181.16,70240.402
569,002747.SZ,20180308,10.88,10.96,10.65,10.76,10.95,-0.19,-1.74,41808.0,45178.192
570,002747.SZ,20180307,10.9,11.13,10.72,10.95,10.89,0.06,0.55,45370.73,49489.822
571,002747.SZ,20180306,11.06,11.1,10.81,10.89,11.06,-0.17,-1.54,61927.0,67617.343
572,002747.SZ,20180305,10.48,11.33,10.48,11.06,10.69,0.37,3.46,82813.67,90925.957
573,002747.SZ,20180302,10.35,11.18,10.35,10.69,10.45,0.24,2.3,97453.36,105843.161
574,002747.SZ,20180301,9.99,10.49,9.95,10.45,10.06,0.39,3.88,61823.8,63830.63
575,002747.SZ,20180228,9.91,10.24,9.82,10.06,10.04,0.02,0.2,35542.52,35751.365
576,002747.SZ,20180227,9.76,10.5,9.61,10.04,9.67,0.37,3.83,48054.0,48219.797
577,002747.SZ,20180226,9.41,9.71,9.41,9.67,9.38,0.29,3.09,28131.0,26953.116
578,002747.SZ,20180223,9.49,9.57,9.32,9.38,9.48,-0.1,-1.05,15631.83,14722.418
579,002747.SZ,20180222,9.6,9.64,9.34,9.48,9.3,0.18,1.94,18797.7,17800.473
580,002747.SZ,20180214,9.22,9.32,9.1,9.3,9.2,0.1,1.09,14073.0,13014.921
581,002747.SZ,20180213,9.16,9.46,9.12,9.2,9.13,0.07,0.77,20956.1,19423.738
582,002747.SZ,20180212,8.98,9.18,8.92,9.13,8.91,0.22,2.47,23002.0,20994.959
583,002747.SZ,20180209,8.8,9.06,8.6,8.91,9.13,-0.22,-2.41,48201.01,42429.669
584,002747.SZ,20180208,9.15,9.23,9.0,9.13,9.14,-0.01,-0.11,50458.17,46056.39599999999
585,002747.SZ,20180207,10.1,10.27,8.94,9.14,9.93,-0.79,-7.96,105255.63,98228.748
586,002747.SZ,20180206,10.21,10.43,9.86,9.93,10.36,-0.43,-4.15,49384.6,49955.812999999995
587,002747.SZ,20180205,10.06,10.5,10.01,10.36,10.37,-0.01,-0.1,18812.0,19373.911
588,002747.SZ,20180202,10.51,10.65,10.1,10.37,10.58,-0.21,-1.98,44829.5,46635.937000000005
589,002747.SZ,20180201,11.21,11.36,10.5,10.58,11.27,-0.69,-6.12,54138.0,59180.152
590,002747.SZ,20180131,11.19,11.45,11.06,11.27,11.23,0.04,0.36,50052.06,56419.93
591,002747.SZ,20180130,11.06,11.25,11.01,11.23,11.12,0.11,0.99,31680.06,35328.116
592,002747.SZ,20180129,11.24,11.26,10.96,11.12,11.24,-0.12,-1.07,37387.0,41468.602
593,002747.SZ,20180126,11.19,11.34,11.16,11.24,11.16,0.08,0.72,41806.33,46943.29
594,002747.SZ,20180125,11.1,11.45,11.05,11.16,11.18,-0.02,-0.18,57574.12,64813.941
595,002747.SZ,20180124,11.17,11.33,10.94,11.18,11.16,0.02,0.18,66877.92,74559.47
596,002747.SZ,20180123,10.66,11.29,10.61,11.16,10.73,0.43,4.01,99457.0,110312.741
597,002747.SZ,20180122,10.35,10.85,10.35,10.73,10.35,0.38,3.67,55224.2,59004.597
598,002747.SZ,20180119,10.5,10.52,10.34,10.35,10.5,-0.15,-1.43,26126.4,27176.166
599,002747.SZ,20180118,10.52,10.73,10.48,10.5,10.62,-0.12,-1.13,24122.92,25523.417999999998
600,002747.SZ,20180117,10.4,10.62,10.23,10.62,10.39,0.23,2.21,36108.26,37720.748
601,002747.SZ,20180116,10.5,10.54,10.33,10.39,10.58,-0.19,-1.8,26765.0,27879.532000000003
602,002747.SZ,20180115,10.65,10.78,10.21,10.58,10.71,-0.13,-1.21,46864.0,48996.227
603,002747.SZ,20180112,10.82,10.94,10.7,10.71,10.82,-0.11,-1.02,24376.0,26363.624
604,002747.SZ,20180111,10.73,10.85,10.59,10.82,10.63,0.19,1.79,28839.74,31027.617000000002
605,002747.SZ,20180110,10.91,10.91,10.55,10.63,10.86,-0.23,-2.12,44148.0,47075.889
606,002747.SZ,20180109,10.9,10.98,10.85,10.86,10.9,-0.04,-0.37,26717.74,29104.068
607,002747.SZ,20180108,11.15,11.15,10.85,10.9,11.16,-0.26,-2.33,43815.0,47894.113
608,002747.SZ,20180105,11.24,11.26,11.1,11.16,11.21,-0.05,-0.45,27438.41,30611.591
609,002747.SZ,20180104,11.31,11.35,11.18,11.21,11.37,-0.16,-1.41,30631.8,34408.154
610,002747.SZ,20180103,11.29,11.42,11.2,11.37,11.29,0.08,0.71,44804.98,50680.698
611,002747.SZ,20180102,11.15,11.31,11.1,11.29,11.12,0.17,1.53,33343.18,37464.024
612,002747.SZ,20171229,11.03,11.15,11.01,11.12,11.09,0.03,0.27,23076.92,25572.52
613,002747.SZ,20171228,11.16,11.2,11.05,11.09,11.16,-0.07,-0.63,29915.59,33297.909
614,002747.SZ,20171227,11.0,11.37,10.96,11.16,10.94,0.22,2.01,48485.96,54271.852
615,002747.SZ,20171226,10.78,10.96,10.76,10.94,10.79,0.15,1.39,22969.0,24990.306
616,002747.SZ,20171225,11.1,11.15,10.79,10.79,11.19,-0.4,-3.57,38495.02,42036.58900000001
617,002747.SZ,20171222,11.1,11.19,10.92,11.19,11.1,0.09,0.81,34963.98,38746.674
618,002747.SZ,20171221,11.12,11.18,10.85,11.1,11.12,-0.02,-0.18,41704.7,45918.07
619,002747.SZ,20171220,11.34,11.46,11.1,11.12,11.4,-0.28,-2.46,35730.74,40152.496
620,002747.SZ,20171219,11.35,11.55,11.3,11.4,11.27,0.13,1.15,36605.74,41850.901
621,002747.SZ,20171218,11.44,11.47,11.22,11.27,11.53,-0.26,-2.26,43040.0,48662.949
622,002747.SZ,20171215,11.2,11.97,11.2,11.53,11.14,0.39,3.5,99334.92,115080.61099999999
623,002747.SZ,20171214,11.06,11.22,11.06,11.14,11.05,0.09,0.81,29324.86,32622.0
624,002747.SZ,20171213,11.05,11.12,10.93,11.05,11.05,0.0,0.0,31809.0,35066.826
625,002747.SZ,20171212,11.01,11.28,11.0,11.05,11.1,-0.05,-0.45,51239.0,57181.872
626,002747.SZ,20171211,11.34,11.49,11.07,11.1,10.84,0.26,2.4,64691.06,72481.955
627,002747.SZ,20171208,10.58,10.85,10.58,10.84,10.64,0.2,1.88,43280.75,46596.916
628,002747.SZ,20171207,10.58,10.83,10.53,10.64,10.64,0.0,0.0,44743.98,47924.505
629,002747.SZ,20171206,10.51,10.69,10.38,10.64,10.57,0.07,0.66,63517.32,66745.63900000001
630,002747.SZ,20171205,10.92,10.93,10.31,10.57,10.98,-0.41,-3.73,95949.8,101050.49699999999
631,002747.SZ,20171204,11.07,11.15,10.87,10.98,10.98,0.0,0.0,45859.34,50426.58
632,002747.SZ,20171201,11.04,11.04,10.87,10.98,11.09,-0.11,-0.99,59282.0,64991.349
633,002747.SZ,20171130,11.16,11.17,10.9,11.09,11.18,-0.09,-0.81,56974.3,62903.622
634,002747.SZ,20171129,11.38,11.38,11.08,11.18,11.38,-0.2,-1.76,54314.07,60676.145
635,002747.SZ,20171128,11.39,11.43,11.19,11.38,11.43,-0.05,-0.44,44212.0,50022.82
636,002747.SZ,20171127,11.55,11.55,11.21,11.43,11.65,-0.22,-1.89,52734.48,60053.297
637,002747.SZ,20171124,11.56,11.66,11.25,11.65,11.65,0.0,0.0,60183.8,68834.26400000001
638,002747.SZ,20171123,11.58,11.75,11.43,11.65,11.61,0.04,0.34,45984.88,53324.537000000004
639,002747.SZ,20171122,11.78,11.85,11.51,11.61,11.75,-0.14,-1.19,48328.88,56476.41
640,002747.SZ,20171121,11.89,11.95,11.48,11.75,11.87,-0.12,-1.01,49694.82,58142.018
641,002747.SZ,20171120,12.1,12.21,10.96,11.87,12.07,-0.2,-1.66,78679.02,90287.78300000001
642,002747.SZ,20171117,12.83,12.86,11.91,12.07,12.78,-0.71,-5.56,86453.85,106663.80300000001
643,002747.SZ,20171116,12.78,13.09,12.65,12.78,12.83,-0.05,-0.39,56788.18,72981.977
644,002747.SZ,20171115,13.39,13.43,12.8,12.83,13.44,-0.61,-4.54,75747.62,99062.174
645,002747.SZ,20171114,13.6,13.77,13.37,13.44,13.58,-0.14,-1.03,75552.92,102124.802
646,002747.SZ,20171113,13.61,13.79,13.34,13.58,13.56,0.02,0.15,86790.4,117873.181
647,002747.SZ,20171110,13.35,13.98,13.35,13.56,13.26,0.3,2.26,103355.02,141329.962
648,002747.SZ,20171109,13.05,13.3,12.92,13.26,13.05,0.21,1.61,52587.78,69133.218
649,002747.SZ,20171108,12.86,13.3,12.86,13.05,12.96,0.09,0.69,65871.27,86604.484
650,002747.SZ,20171107,12.9,12.98,12.7,12.96,12.8,0.16,1.25,48366.4,62044.449
651,002747.SZ,20171106,12.74,12.82,12.62,12.8,12.74,0.06,0.47,41157.5,52358.718
652,002747.SZ,20171103,12.84,12.85,12.6,12.74,12.92,-0.18,-1.39,46969.14,59677.681
653,002747.SZ,20171102,13.0,13.05,12.7,12.92,13.04,-0.12,-0.92,46311.44,59457.288
654,002747.SZ,20171101,13.06,13.11,12.82,13.04,13.18,-0.14,-1.06,43484.0,56444.165
655,002747.SZ,20171031,12.86,13.18,12.77,13.18,13.0,0.18,1.38,50829.0,65681.815
656,002747.SZ,20171030,13.35,13.42,12.53,13.0,13.45,-0.45,-3.35,86332.0,111554.288
657,002747.SZ,20171027,13.66,13.84,13.41,13.45,13.71,-0.26,-1.9,48513.0,66062.189
658,002747.SZ,20171026,13.55,13.88,13.44,13.71,13.53,0.18,1.33,62175.26,85250.886
659,002747.SZ,20171025,13.39,13.55,13.16,13.53,13.38,0.15,1.12,45415.13,60691.98
660,002747.SZ,20171024,13.58,13.7,13.3,13.38,13.59,-0.21,-1.55,45353.33,61175.374
661,002747.SZ,20171023,13.78,13.8,13.49,13.59,13.71,-0.12,-0.88,34896.33,47483.861
662,002747.SZ,20171020,13.5,13.75,13.35,13.71,13.43,0.28,2.08,50160.3,68025.866
663,002747.SZ,20171019,13.31,13.48,13.03,13.43,13.31,0.12,0.9,66402.33,88209.248
664,002747.SZ,20171018,13.8,13.87,13.31,13.31,13.79,-0.48,-3.48,67252.16,91256.817
665,002747.SZ,20171017,13.72,13.86,13.58,13.79,13.74,0.05,0.36,65381.3,89612.16
666,002747.SZ,20171016,14.35,14.4,13.71,13.74,14.35,-0.61,-4.25,100821.37,141159.119
667,002747.SZ,20171013,14.23,14.44,14.08,14.35,14.32,0.03,0.21,55418.53,79038.687
668,002747.SZ,20171012,14.33,14.67,14.12,14.32,14.41,-0.09,-0.62,77912.4,112127.696
669,002747.SZ,20171011,14.8,14.8,14.36,14.41,14.83,-0.42,-2.83,99801.14,144551.761
670,002747.SZ,20171010,14.43,14.9,14.37,14.83,14.49,0.34,2.35,126977.8,186719.402
671,002747.SZ,20171009,14.06,14.58,14.05,14.49,14.06,0.43,3.06,113389.54,162885.85
672,002747.SZ,20170929,14.09,14.34,13.98,14.06,14.14,-0.08,-0.57,70048.71,98811.00099999999
673,002747.SZ,20170928,14.18,14.42,14.07,14.14,14.28,-0.14,-0.98,74004.1,105308.242
674,002747.SZ,20170927,13.99,14.28,13.81,14.28,13.99,0.29,2.07,82664.09,116050.056
675,002747.SZ,20170926,14.15,14.37,13.77,13.99,14.23,-0.24,-1.69,96559.5,134563.666
676,002747.SZ,20170925,14.45,14.75,14.18,14.23,14.43,-0.2,-1.39,78993.81,114472.864
677,002747.SZ,20170922,14.3,14.59,14.17,14.43,14.39,0.04,0.28,73244.28,105593.769
678,002747.SZ,20170921,14.75,14.92,14.38,14.39,14.92,-0.53,-3.55,124242.72,182062.00199999998
679,002747.SZ,20170920,14.34,14.94,14.14,14.92,14.5,0.42,2.9,193094.83,281204.09
680,002747.SZ,20170919,14.68,14.8,14.19,14.5,14.68,-0.18,-1.23,154853.75,222944.857
681,002747.SZ,20170918,14.76,15.26,14.53,14.68,14.97,-0.29,-1.94,153897.99,228707.483
682,002747.SZ,20170915,14.58,15.14,14.36,14.97,14.81,0.16,1.08,201289.19,297906.732
683,002747.SZ,20170914,15.13,15.8,14.8,14.81,14.95,-0.14,-0.94,353446.43,539255.175
684,002747.SZ,20170913,14.49,15.06,14.0,14.95,14.7,0.25,1.7,328431.65,476672.593
685,002747.SZ,20170912,14.75,15.56,14.58,14.7,14.82,-0.12,-0.81,543655.08,814316.938
686,002747.SZ,20170911,13.5,14.82,13.37,14.82,13.47,1.35,10.02,490574.54,708201.434
687,002747.SZ,20170908,13.78,13.79,13.24,13.47,13.87,-0.4,-2.88,251060.04,337836.218
688,002747.SZ,20170907,14.3,14.32,13.81,13.87,14.44,-0.57,-3.95,245508.61,344740.766
689,002747.SZ,20170906,13.96,14.74,13.88,14.44,14.24,0.2,1.4,341862.55,491219.726
690,002747.SZ,20170905,13.48,14.57,13.22,14.24,13.53,0.71,5.25,409734.21,574570.382
691,002747.SZ,20170904,12.22,13.53,12.22,13.53,12.3,1.23,10.0,312931.88,409827.69200000004
692,002747.SZ,20170901,12.3,12.42,12.18,12.3,12.29,0.01,0.08,65531.74,80588.246
693,002747.SZ,20170831,12.25,12.37,12.1,12.29,12.26,0.03,0.24,63134.73,77157.114
694,002747.SZ,20170830,12.44,12.48,12.2,12.26,12.45,-0.19,-1.53,65791.09,80899.12599999999
695,002747.SZ,20170829,12.54,12.54,12.3,12.45,12.69,-0.24,-1.89,94616.85,117154.873
696,002747.SZ,20170828,12.52,12.89,12.52,12.69,12.47,0.22,1.76,107939.73,137234.693
697,002747.SZ,20170825,12.49,12.51,12.2,12.47,12.48,-0.01,-0.08,89009.9,110097.662
698,002747.SZ,20170824,12.83,12.86,12.2,12.48,12.84,-0.36,-2.8,111538.1,138581.242
699,002747.SZ,20170823,12.45,13.43,12.45,12.84,12.26,0.58,4.73,188946.84,243652.628
700,002747.SZ,20170822,12.8,12.85,12.2,12.26,12.74,-0.48,-3.77,106203.76,132018.325
701,002747.SZ,20170821,12.74,12.96,12.66,12.74,12.66,0.08,0.63,75031.38,95803.412
702,002747.SZ,20170818,12.76,12.89,12.6,12.66,12.92,-0.26,-2.01,103992.25,132189.295
703,002747.SZ,20170817,12.28,13.56,12.18,12.92,12.38,0.54,4.36,241490.81,309030.232
704,002747.SZ,20170816,12.38,12.54,12.1,12.38,12.29,0.09,0.73,92100.24,113470.57
705,002747.SZ,20170815,12.44,12.67,12.16,12.29,12.47,-0.18,-1.44,96385.67,118870.079
706,002747.SZ,20170814,12.1,12.58,12.1,12.47,12.11,0.36,2.97,115510.84,143132.27800000002
707,002747.SZ,20170811,12.2,12.68,12.08,12.11,12.4,-0.29,-2.34,128648.45,158873.57
708,002747.SZ,20170810,12.12,12.4,11.5,12.4,12.24,0.16,1.31,146709.17,176845.68300000002
709,002747.SZ,20170809,11.91,12.5,11.91,12.24,11.86,0.38,3.2,219338.05,269819.114
710,002747.SZ,20170808,11.48,11.88,11.41,11.86,11.5,0.36,3.13,88519.42,103280.90199999999
711,002747.SZ,20170807,11.43,11.71,11.43,11.5,11.55,-0.05,-0.43,48891.15,56568.247
712,002747.SZ,20170804,11.9,11.9,11.54,11.55,11.9,-0.35,-2.94,82981.1,96903.33099999999
713,002747.SZ,20170803,11.59,11.97,11.45,11.9,11.78,0.12,1.02,142621.06,167400.909
714,002747.SZ,20170802,11.17,12.3,11.17,11.78,11.19,0.59,5.27,199954.4,236128.395
715,002747.SZ,20170801,11.02,11.26,11.02,11.19,11.15,0.04,0.36,49487.0,55171.08
716,002747.SZ,20170731,11.12,11.27,11.09,11.15,11.18,-0.03,-0.27,58034.7,64747.384000000005
717,002747.SZ,20170728,11.3,11.49,11.17,11.18,11.41,-0.23,-2.02,65969.35,74327.418
718,002747.SZ,20170727,11.26,11.58,11.01,11.41,11.19,0.22,1.97,114912.2,130409.43199999999
719,002747.SZ,20170726,11.18,11.27,11.08,11.19,11.29,-0.1,-0.89,64690.43,72190.146
720,002747.SZ,20170725,11.34,11.42,11.06,11.29,11.52,-0.23,-2.0,110796.27,124175.06199999999
721,002747.SZ,20170724,11.19,11.88,11.11,11.52,11.12,0.4,3.6,225583.5,259010.552
722,002747.SZ,20170721,10.3,11.12,10.28,11.12,10.11,1.01,9.99,161723.79,177758.59600000002
723,002747.SZ,20170720,10.05,10.2,9.99,10.11,10.06,0.05,0.5,31004.69,31373.828999999998
724,002747.SZ,20170719,9.97,10.06,9.88,10.06,9.98,0.08,0.8,26258.85,26217.148999999998
725,002747.SZ,20170718,9.94,9.99,9.8,9.98,9.84,0.14,1.42,34114.27,33835.607
726,002747.SZ,20170717,10.63,10.63,9.71,9.84,10.67,-0.83,-7.78,63451.74,63665.200999999994
727,002747.SZ,20170714,10.66,10.75,10.56,10.67,10.66,0.01,0.09,33957.0,36189.361000000004
728,002747.SZ,20170713,10.72,10.75,10.59,10.66,10.77,-0.11,-1.02,30273.71,32311.916
729,002747.SZ,20170712,10.95,11.03,10.45,10.77,10.96,-0.19,-1.73,64813.01,68976.37299999999
730,002747.SZ,20170711,11.04,11.14,10.93,10.96,11.02,-0.06,-0.54,43952.33,48403.254
731,002747.SZ,20170710,11.22,11.26,11.0,11.02,11.28,-0.26,-2.31,62700.04,69415.697
732,002747.SZ,20170707,11.36,11.43,11.22,11.28,11.43,-0.15,-1.31,69776.46,78795.099
733,002747.SZ,20170706,11.49,11.53,11.36,11.43,11.53,-0.1,-0.87,51529.62,58924.662000000004
734,002747.SZ,20170705,11.52,11.65,11.47,11.53,11.56,-0.03,-0.26,50503.45,58339.668
735,002747.SZ,20170704,11.5,11.68,11.45,11.56,11.5,0.06,0.52,50820.01,58857.307
736,002747.SZ,20170703,11.44,11.55,11.3,11.5,11.44,0.06,0.52,41711.0,47616.602
