trade_date,open,high,low,close,pre_close,change,pct_chg,vol
20200724,16.8,16.81,15.56,16.2,16.51,-0.31,-1.8776,285487.23
20200723,17.8,18.07,16.24,16.51,17.95,-1.44,-8.0223,332693.07
20200722,17.12,18.18,16.9,17.95,17.21,0.74,4.2998,184201.74
20200721,17.2,17.87,16.77,17.21,16.97,0.24,1.4143,226621.76
20200720,15.8,16.97,15.5,16.97,15.43,1.54,9.9806,320102.62
20200717,14.86,15.8,14.8,15.43,14.87,0.56,3.766,199292.16
20200716,14.95,16.1,14.83,14.87,15.23,-0.36,-2.3638,229290.8
20200715,15.4,15.6,14.8,15.23,15.2,0.03,0.1974,213356.58
20200714,15.21,16.16,14.68,15.2,15.32,-0.12,-0.7833,222269.86
20200713,14.97,15.43,14.75,15.32,15.12,0.2,1.3228,184452.45
20200710,15.63,15.68,14.6,15.12,15.5,-0.38,-2.4516,218210.43
20200709,14.2,15.5,14.01,15.5,14.09,1.41,10.0071,267772.91
20200708,13.03,14.4,13.03,14.09,13.09,1,7.6394,293345.03
20200707,13.05,13.55,12.92,13.09,13,0.09,0.6923,184150.75
20200706,12.97,13.16,12.78,13,12.9,0.1,0.7752,241303.32
20200703,12.39,13.1,12.3,12.9,12.35,0.55,4.4534,218369.18
20200702,12.37,12.48,12.05,12.35,12.38,-0.03,-0.2423,164501.68
20200701,11.95,12.65,11.8,12.38,11.96,0.42,3.5117,228877.17
20200630,11.62,12.15,11.51,11.96,11.58,0.38,3.2815,192286.3
20200629,11.17,11.77,10.96,11.58,11.19,0.39,3.4853,207979.77
20200624,11.32,11.41,11.08,11.19,11.35,-0.16,-1.4097,124793.19
20200623,11.09,11.72,11.03,11.35,11.08,0.27,2.4368,223595.75
20200622,11.1,11.31,10.93,11.08,11.05,0.03,0.2715,145578.4
20200619,11.15,11.2,10.93,11.05,11.05,0,0,113959.89
20200618,11.22,11.39,11,11.05,11.33,-0.28,-2.4713,150478.58
20200617,11.4,11.69,11.1,11.33,10.96,0.37,3.3759,278214.1
20200616,10.09,10.96,10.05,10.96,9.96,1,10.0402,177673.09
20200615,10.24,10.37,9.95,9.96,10.24,-0.28,-2.7344,131237.86
20200612,10.2,10.38,10.09,10.24,10.41,-0.17,-1.633,80052
20200611,10.5,10.69,10.34,10.41,10.52,-0.11,-1.0456,73533.43
20200610,10.71,10.74,10.5,10.52,10.74,-0.22,-2.0484,55156
20200609,10.88,10.95,10.6,10.74,10.9,-0.16,-1.4679,107257.02
20200608,11.03,11.23,10.84,10.9,10.98,-0.08,-0.7286,118986.02
20200605,10.72,11.3,10.66,10.98,10.8,0.18,1.6667,151691.99
20200604,10.75,10.92,10.74,10.8,10.82,-0.02,-0.1848,77147.97
20200603,10.83,10.95,10.74,10.82,10.77,0.05,0.4643,120125.3
20200602,10.6,10.91,10.56,10.77,10.68,0.09,0.8427,151853.68
20200601,9.95,10.83,9.94,10.68,9.94,0.74,7.4447,209009.36
20200529,9.53,10.07,9.52,9.94,9.55,0.39,4.0838,151720.43
20200528,9.45,9.56,9.25,9.55,9.47,0.08,0.8448,77921.1
20200527,9.67,9.78,9.42,9.47,9.66,-0.19,-1.9669,70622.03
20200526,9.37,9.69,9.28,9.66,9.37,0.29,3.095,98835
20200525,9.55,9.55,9.27,9.37,9.53,-0.16,-1.6789,65015.05
20200522,9.75,9.87,9.45,9.53,9.8,-0.27,-2.7551,90944.55
20200521,10.18,10.2,9.79,9.8,10.15,-0.35,-3.4483,101647.1
20200520,10.26,10.4,10.07,10.15,10.25,-0.1,-0.9756,68203.19
20200519,10.13,10.33,10.05,10.25,10.02,0.23,2.2954,77755.82
20200518,10.56,10.56,10.02,10.02,10.55,-0.53,-5.0237,137420.31
20200515,10.5,10.66,10.47,10.55,10.54,0.01,0.0949,114287.03
20200514,10.55,10.65,10.35,10.54,10.52,0.02,0.1901,86194.65
20200513,10.57,10.6,10.41,10.52,10.57,-0.05,-0.473,72049.74
20200512,10.9,10.93,10.43,10.57,10.67,-0.1,-0.9372,97388.08
20200511,10.72,10.98,10.52,10.67,10.48,0.19,1.813,139413.99
20200508,10.6,10.87,10.41,10.48,10.51,-0.03,-0.2854,98431.92
20200507,10.63,10.85,10.45,10.51,10.57,-0.06,-0.5676,78669.76
20200506,10.27,10.63,10.18,10.57,10.39,0.18,1.7324,121253.36
20200430,9.53,10.48,9.5,10.39,9.53,0.86,9.0241,165782.55
20200429,9.46,9.65,9.32,9.53,9.44,0.09,0.9534,72422.83
20200428,10.2,10.38,9.3,9.44,10.33,-0.89,-8.6157,179275.56
20200427,10.51,10.6,10.3,10.33,10.52,-0.19,-1.8061,60296.47
20200424,10.65,10.87,10.45,10.52,10.7,-0.18,-1.6822,102521.32
20200423,10.7,10.97,10.56,10.7,10.67,0.03,0.2812,118086.58
20200422,10.19,10.76,10.07,10.67,10.2,0.47,4.6078,146049.6
20200421,10.07,10.23,10,10.2,10.16,0.04,0.3937,58749.58
20200420,9.88,10.18,9.85,10.16,9.91,0.25,2.5227,59757.28
20200417,10.02,10.21,9.87,9.91,9.98,-0.07,-0.7014,67694.83
20200416,9.73,10.02,9.62,9.98,9.74,0.24,2.4641,52436.37
20200415,9.9,9.96,9.71,9.74,9.86,-0.12,-1.217,43945.62
20200414,9.73,9.87,9.67,9.86,9.73,0.13,1.3361,43246.41
20200413,9.9,9.91,9.67,9.73,9.9,-0.17,-1.7172,32166.28
20200410,10.21,10.23,9.83,9.9,10.19,-0.29,-2.8459,46223.38
20200409,10.17,10.3,10.1,10.19,10.14,0.05,0.4931,56762.41
20200408,9.96,10.2,9.87,10.14,9.94,0.2,2.0121,79716.55
20200407,9.91,10.23,9.89,9.94,9.67,0.27,2.7921,97928.3
20200403,9.66,9.75,9.59,9.67,9.7,-0.03,-0.3093,61263.95
20200402,9.4,9.73,9.25,9.7,9.37,0.33,3.5219,71949.34
20200401,9.1,9.6,9.1,9.37,9.25,0.12,1.2973,89274.06
20200331,9.5,9.54,9.24,9.25,9.38,-0.13,-1.3859,67458.94
20200330,9.79,9.8,9.18,9.38,9.82,-0.44,-4.4807,88822.38
20200327,10.05,10.08,9.8,9.82,9.91,-0.09,-0.9082,77393.83
20200326,10.08,10.13,9.87,9.91,10.14,-0.23,-2.2682,76659.45
20200325,10.28,10.35,10.03,10.14,9.98,0.16,1.6032,121459.92
20200324,10.15,10.23,9.6,9.98,9.95,0.03,0.3015,116644.44
20200323,10.19,10.39,9.88,9.95,10.58,-0.63,-5.9546,99613.36
20200320,10.91,10.92,10.44,10.58,10.64,-0.06,-0.5639,89406.44
20200319,10.55,10.68,10.3,10.64,10.5,0.14,1.3333,108653.47
20200318,10.9,11.04,10.5,10.5,10.77,-0.27,-2.507,100909.08
20200317,10.71,10.87,10.19,10.77,10.52,0.25,2.3764,136512.86
20200316,11.37,11.55,10.43,10.52,11.33,-0.81,-7.1492,156916.38
20200313,11.03,11.54,11.01,11.33,11.68,-0.35,-2.9966,147005.71
20200312,11.74,11.96,11.47,11.68,11.91,-0.23,-1.9312,92982.11
20200311,11.99,12.15,11.77,11.91,11.9,0.01,0.084,136019.74
20200310,11.03,11.93,11.03,11.9,11.3,0.6,5.3097,167572.98
20200309,11.97,12,11.28,11.3,12.22,-0.92,-7.5286,155815.46
20200306,11.99,12.68,11.8,12.22,12.13,0.09,0.742,199924.92
20200305,12.05,12.26,11.8,12.13,11.94,0.19,1.5913,185882.12
20200304,11.54,12.06,11.35,11.94,11.56,0.38,3.2872,199894.21
20200303,11.6,11.99,11.39,11.56,11.47,0.09,0.7847,227088.51
20200302,11.18,11.69,10.78,11.47,11.1,0.37,3.3333,254984.6
20200228,11.78,12.02,11.1,11.1,12.33,-1.23,-9.9757,326656.5
20200227,12.39,12.55,12.08,12.33,12.15,0.18,1.4815,283414.74
20200226,12.61,12.83,11.97,12.15,12.95,-0.8,-6.1776,394706.65
20200225,13.17,13.45,12.56,12.95,13.53,-0.58,-4.2868,427094.39
20200224,13.3,13.62,13.08,13.53,13.15,0.38,2.8897,206334.56
20200221,13.44,13.87,13.03,13.15,13.61,-0.46,-3.3799,254587.72
20200220,13.46,13.75,13.19,13.61,13.52,0.09,0.6657,197563.81
20200219,12.82,14.03,12.6,13.52,12.82,0.7,5.4602,286537.16
20200218,12.85,12.92,12.58,12.82,12.81,0.01,0.0781,156361.54
20200217,12.51,12.84,12.38,12.81,12.57,0.24,1.9093,188023.75
20200214,12.41,12.79,12.32,12.57,12.66,-0.09,-0.7109,144414.66
20200213,12.29,13.2,12.18,12.66,12.19,0.47,3.8556,264140.73
20200212,11.93,12.32,11.9,12.19,12.03,0.16,1.33,180139.71
20200211,12.43,12.54,11.94,12.03,12.31,-0.28,-2.2746,197232.12
20200210,12,12.88,11.88,12.31,11.96,0.35,2.9264,234882.29
20200207,11.95,12.56,11.7,11.96,11.78,0.18,1.528,256251.44
20200206,10.7,11.78,10.5,11.78,10.71,1.07,9.9907,256243.34
20200205,10.45,10.88,10.3,10.71,10.59,0.12,1.1331,161618.16
20200204,9.64,10.67,9.53,10.59,9.7,0.89,9.1753,189291.61
20200203,9.7,9.84,9.7,9.7,10.78,-1.08,-10.0186,81077.56
20200123,11.54,11.59,10.5,10.78,11.62,-0.84,-7.2289,213356.49
20200122,11.67,11.84,11,11.62,11.88,-0.26,-2.1886,195031.2
20200121,11.9,12.16,11.76,11.88,11.88,0,0,90847.01
20200120,11.64,12.06,11.6,11.88,11.65,0.23,1.9742,81398.09
20200117,11.83,11.9,11.52,11.65,11.84,-0.19,-1.6047,78974.7
20200116,11.73,11.96,11.63,11.84,11.73,0.11,0.9378,71072.79
20200115,11.88,11.88,11.58,11.73,11.93,-0.2,-1.6764,81082.2
20200114,12,12.15,11.75,11.93,11.94,-0.01,-0.0838,82833.03
20200113,11.82,12.09,11.71,11.94,11.94,0,0,120355.39
20200110,12.26,12.3,11.74,11.94,12.2,-0.26,-2.1311,189932.45
20200109,11.24,12.2,11.23,12.2,11.09,1.11,10.009,204716.67
20200108,11.25,11.36,11,11.09,11.37,-0.28,-2.4626,96183.16
20200107,11.07,11.39,10.98,11.37,11.07,0.3,2.71,154765.09
20200106,11.11,11.23,10.92,11.07,11.27,-0.2,-1.7746,159696.02
20200103,11.36,11.48,11.21,11.27,11.29,-0.02,-0.1771,51916.83
20200102,11.29,11.48,11.25,11.29,11.26,0.03,0.2664,77374.66
20191231,11.45,11.45,11.17,11.26,11.34,-0.08,-0.7055,49157.7
20191230,10.87,11.45,10.83,11.34,11.04,0.3,2.7174,85366.83
20191227,11.2,11.31,10.82,11.04,11.29,-0.25,-2.2143,88435.26
20191226,11.27,11.52,11.16,11.29,11.29,0,0,55441.23
20191225,11.12,11.4,11.05,11.29,11.2,0.09,0.8036,66367.34
20191224,11,11.25,10.94,11.2,11,0.2,1.8182,57486.53
20191223,10.98,11.44,10.8,11,11.02,-0.02,-0.1815,107263.56
20191220,11.01,11.07,10.8,11.02,10.97,0.05,0.4558,78873.39
20191219,10.92,11.14,10.89,10.97,11,-0.03,-0.2727,101192.99
20191218,11.69,11.75,10.86,11,11.3,-0.3,-2.6549,173532.04
20191217,10.87,11.47,10.8,11.3,10.85,0.45,4.1475,183369.19
20191216,10.32,10.86,10.26,10.85,10.31,0.54,5.2376,143760.44
20191213,9.8,10.5,9.8,10.31,9.72,0.59,6.07,179824.6
20191212,9.84,9.88,9.7,9.72,9.81,-0.09,-0.9174,30826
20191211,9.88,9.99,9.72,9.81,9.84,-0.03,-0.3049,52077.39
20191210,9.89,9.92,9.68,9.84,9.93,-0.09,-0.9063,56336
20191209,9.72,9.96,9.63,9.93,9.67,0.26,2.6887,94209.6
20191206,9.54,9.68,9.49,9.67,9.52,0.15,1.5756,53855.15
20191205,9.49,9.63,9.41,9.52,9.5,0.02,0.2105,48277.15
20191204,9.63,9.65,9.43,9.5,9.68,-0.18,-1.8595,33770.14
20191203,9.51,9.69,9.4,9.68,9.56,0.12,1.2552,45824.98
20191202,9.26,9.8,9.26,9.56,9.4,0.16,1.7021,82319.85
20191129,9.34,9.5,9.26,9.4,9.36,0.04,0.4274,33362
20191128,9.36,9.44,9.26,9.36,9.36,0,0,35875.23
20191127,9.25,9.54,9.16,9.36,9.23,0.13,1.4085,83173.7
20191126,9.29,9.31,9.17,9.23,9.3,-0.07,-0.7527,42639.95
20191125,9.35,9.48,9.04,9.3,9.3,0,0,84538.36
20191122,9.23,9.37,9.11,9.3,9.2,0.1,1.087,121708.64
20191121,8.59,9.37,8.57,9.2,8.59,0.61,7.1013,206836.03
20191120,8.68,8.74,8.57,8.59,8.68,-0.09,-1.0369,31117.01
20191119,8.49,8.74,8.4,8.68,8.4,0.28,3.3333,56240.45
20191118,8.33,8.55,8.26,8.4,8.34,0.06,0.7194,29631.7
20191115,8.26,8.39,8.23,8.34,8.27,0.07,0.8464,25884
20191114,8.23,8.32,8.16,8.27,8.23,0.04,0.486,19269.6
20191113,8.32,8.42,8.2,8.23,8.4,-0.17,-2.0238,24694.9
20191112,8.39,8.49,8.14,8.4,8.38,0.02,0.2387,53417.65
20191111,8.57,8.64,8.34,8.38,8.63,-0.25,-2.8969,39575.64
20191108,8.78,8.86,8.6,8.63,8.76,-0.13,-1.484,36512
20191107,8.77,8.86,8.72,8.76,8.75,0.01,0.1143,19606.86
20191106,8.89,8.93,8.69,8.75,8.85,-0.1,-1.1299,31037
20191105,8.99,8.99,8.8,8.85,8.95,-0.1,-1.1173,36287.3
20191104,8.8,9,8.76,8.95,8.81,0.14,1.5891,42619
20191101,8.56,8.84,8.56,8.81,8.54,0.27,3.1616,43584.38
20191031,8.6,8.74,8.45,8.54,8.76,-0.22,-2.5114,54326.78
20191030,8.95,8.98,8.75,8.76,8.95,-0.19,-2.1229,34186.46
20191029,9.18,9.19,8.95,8.95,9.2,-0.25,-2.7174,48744
20191028,9,9.24,8.96,9.2,8.97,0.23,2.5641,62706.05
20191025,8.91,8.97,8.74,8.97,8.91,0.06,0.6734,31012.55
20191024,8.92,8.99,8.86,8.91,8.92,-0.01,-0.1121,19083.86
20191023,9,9.03,8.9,8.92,9.01,-0.09,-0.9989,24512
20191022,8.64,9.05,8.64,9.01,8.67,0.34,3.9216,70553.66
20191021,8.81,8.85,8.55,8.67,8.8,-0.13,-1.4773,36708.23
20191018,8.91,8.99,8.71,8.8,8.87,-0.07,-0.7892,39410
20191017,8.87,8.99,8.83,8.87,8.99,-0.12,-1.3348,34283.78
20191016,9.07,9.09,8.95,8.99,9,-0.01,-0.1111,28120.86
20191015,9.13,9.2,8.95,9,9.17,-0.17,-1.8539,54930.17
20191014,9.06,9.25,9.05,9.17,8.97,0.2,2.2297,70621.41
20191011,9.06,9.1,8.85,8.97,9.1,-0.13,-1.4286,65610.11
20191010,9.08,9.12,9,9.1,9.08,0.02,0.2203,52098.46
20191009,9.03,9.08,8.9,9.08,9.03,0.05,0.5537,39780.06
20191008,9.06,9.15,8.98,9.03,9.05,-0.02,-0.221,35656.6
20190930,9.16,9.23,8.96,9.05,9.22,-0.17,-1.8438,71976.73
20190927,9.43,9.43,9.15,9.22,9.31,-0.09,-0.9667,85827.73
20190926,9.8,9.93,9.27,9.31,9.7,-0.39,-4.0206,134628
20190925,9.57,9.9,9.52,9.7,9.63,0.07,0.7269,118425.71
20190924,9.6,9.65,9.4,9.63,9.52,0.11,1.1555,60294.62
20190923,9.69,9.69,9.37,9.52,9.69,-0.17,-1.7544,62352.1
20190920,9.76,9.85,9.67,9.69,9.77,-0.08,-0.8188,63498
20190919,9.8,9.81,9.65,9.77,9.77,0,0,50509.43
20190918,9.68,9.88,9.67,9.77,9.73,0.04,0.4111,68768.92
20190917,9.94,9.98,9.65,9.73,9.99,-0.26,-2.6026,119655.03
20190916,10.03,10.14,9.93,9.99,10.03,-0.04,-0.3988,119040.71
20190912,10.2,10.3,9.95,10.03,10.18,-0.15,-1.4735,155157.91
20190911,10.29,10.59,10.14,10.18,10.33,-0.15,-1.4521,260499.59
20190910,11.09,11.09,10.22,10.33,10.08,0.25,2.4802,511960.62
20190909,10.08,10.08,10.08,10.08,9.16,0.92,10.0437,7829
20190823,9.25,9.31,9.13,9.16,9.25,-0.09,-0.973,92128
20190822,9.29,9.58,9.23,9.25,9.25,0,0,106945.2
20190821,9.34,9.43,9.21,9.25,9.35,-0.1,-1.0695,86504.97
20190820,9.6,9.64,9.34,9.35,9.62,-0.27,-2.8067,154025.57
20190819,9.2,9.64,9.09,9.62,9.2,0.42,4.5652,177866.44
20190816,8.87,9.27,8.87,9.2,8.85,0.35,3.9548,156296.95
20190815,8.4,8.86,8.26,8.85,8.57,0.28,3.2672,74487.21
20190814,8.6,8.71,8.53,8.57,8.53,0.04,0.4689,46945.03
20190813,8.5,8.56,8.38,8.53,8.43,0.1,1.1862,50489.27
20190812,8.28,8.43,8.21,8.43,8.22,0.21,2.5547,35195
20190809,8.44,8.47,8.18,8.22,8.38,-0.16,-1.9093,40664.3
20190808,8.3,8.45,8.3,8.38,8.28,0.1,1.2077,44410.73
20190807,8.49,8.57,8.26,8.28,8.48,-0.2,-2.3585,49949.44
20190806,8.56,8.59,8.11,8.48,8.79,-0.31,-3.5267,101523.68
20190805,8.85,8.98,8.75,8.79,8.82,-0.03,-0.3401,63682.2
20190802,8.81,8.94,8.69,8.82,9.06,-0.24,-2.649,88398.21
20190801,8.93,9.13,8.92,9.06,9.03,0.03,0.3322,83319.4
20190731,9.04,9.18,8.94,9.03,9.09,-0.06,-0.6601,89924.53
20190730,9.13,9.33,9.02,9.09,9.22,-0.13,-1.41,97525.1
20190729,9.06,9.42,9,9.22,9.16,0.06,0.655,168644.54
20190726,8.39,9.29,8.33,9.16,8.45,0.71,8.4024,235709.42
20190725,8.71,8.84,8.38,8.45,8.67,-0.22,-2.5375,129626.22
20190724,8.53,8.74,8.46,8.67,8.53,0.14,1.6413,58485.97
20190723,8.44,8.58,8.33,8.53,8.49,0.04,0.4711,61395.5
20190722,8.9,8.9,8.48,8.49,8.9,-0.41,-4.6067,88911.25
20190719,8.58,8.9,8.53,8.9,8.55,0.35,4.0936,108291.43
20190718,8.39,8.74,8.33,8.55,8.43,0.12,1.4235,89800.8
20190717,8.35,8.45,8.27,8.43,8.33,0.1,1.2005,47586
20190716,8.49,8.49,8.3,8.33,8.26,0.07,0.8475,61309.43
20190715,8.25,8.33,8.02,8.26,8.36,-0.1,-1.1962,92862.04
20190712,8.3,8.44,8.28,8.36,8.35,0.01,0.1198,29443.94
20190711,8.51,8.55,8.28,8.35,8.47,-0.12,-1.4168,36844.68
20190710,8.65,8.73,8.4,8.47,8.66,-0.19,-2.194,53301.55
20190709,8.69,8.75,8.58,8.66,8.69,-0.03,-0.3452,25341.82
20190708,8.99,8.99,8.65,8.69,8.93,-0.24,-2.6876,44917
20190705,8.85,8.94,8.78,8.93,8.84,0.09,1.0181,28432.78
20190704,8.85,8.93,8.8,8.84,8.86,-0.02,-0.2257,26241.8
20190703,8.97,9.01,8.81,8.86,9.02,-0.16,-1.7738,50679
20190702,9.1,9.13,9,9.02,9.1,-0.08,-0.8791,47295.3
20190701,8.95,9.1,8.92,9.1,8.79,0.31,3.5267,58221.3
20190628,8.99,8.99,8.73,8.79,8.96,-0.17,-1.8973,39653
20190627,8.96,9.02,8.9,8.96,8.94,0.02,0.2237,31850
20190626,8.9,9.02,8.88,8.94,8.95,-0.01,-0.1117,29447.82
20190625,9.1,9.13,8.84,8.95,9.14,-0.19,-2.0788,38780
20190624,9.19,9.21,9.09,9.14,9.18,-0.04,-0.4357,30013.98
20190621,9.15,9.28,9.14,9.18,9.08,0.1,1.1013,52128.32
20190620,8.94,9.14,8.92,9.08,8.98,0.1,1.1136,43808.09
20190619,9.08,9.13,8.94,8.98,8.88,0.1,1.1261,39219.12
20190618,8.81,8.93,8.73,8.88,8.81,0.07,0.7946,24875.4
20190617,8.77,8.95,8.74,8.81,8.76,0.05,0.5708,24132.22
20190614,8.97,9.04,8.74,8.76,8.99,-0.23,-2.5584,40830.36
20190613,9.02,9.1,8.91,8.99,9.06,-0.07,-0.7726,35613.14
20190612,9.18,9.19,9.06,9.06,9.16,-0.1,-1.0917,32096.14
20190611,8.84,9.18,8.83,9.16,8.86,0.3,3.386,38286.67
20190610,8.94,9,8.84,8.86,8.93,-0.07,-0.7839,21300
20190606,9.07,9.07,8.9,8.93,9,-0.07,-0.7778,31517.12
20190605,9.06,9.09,8.96,9,8.95,0.05,0.5587,25472
20190604,8.96,9.08,8.76,8.95,8.96,-0.01,-0.1116,32311.75
20190603,9.1,9.15,8.93,8.96,9.13,-0.17,-1.862,26487.28
20190531,9.09,9.21,9.03,9.2,9.09,0.11,1.2101,36918.12
20190530,9.07,9.17,9.04,9.09,9.17,-0.08,-0.8724,37763.06
20190529,9.07,9.26,9.07,9.17,9.15,0.02,0.2186,31944.76
20190528,9.11,9.22,9.05,9.15,9.06,0.09,0.9934,51855.19
20190527,8.79,9.08,8.61,9.06,8.74,0.32,3.6613,55891.14
20190524,8.86,8.93,8.69,8.74,8.94,-0.2,-2.2371,35708
20190523,9,9.36,8.89,8.94,8.84,0.1,1.1312,85124.67
20190522,8.88,8.92,8.76,8.84,8.84,0,0,36667.4
20190521,8.7,8.86,8.61,8.84,8.68,0.16,1.8433,52849.67
20190520,8.76,8.78,8.38,8.68,8.74,-0.06,-0.6865,54906.27
20190517,9.2,9.26,8.73,8.74,9.2,-0.46,-5,73280.5
20190516,9.13,9.29,9.02,9.2,9.13,0.07,0.7667,62151.66
20190515,9.1,9.17,9.04,9.13,9.03,0.1,1.1074,33662
20190514,9.06,9.19,9.02,9.03,9.21,-0.18,-1.9544,44853.15
20190513,9.21,9.34,9.17,9.21,9.38,-0.17,-1.8124,29292.06
20190510,9.19,9.4,8.82,9.38,9.11,0.27,2.9638,51688.56
20190509,9.2,9.32,9.1,9.11,9.21,-0.1,-1.0858,32104.7
20190508,8.81,9.38,8.77,9.21,9.01,0.2,2.2198,53142.7
20190507,8.88,9.15,8.73,9.01,8.76,0.25,2.8539,66009.58
20190506,9.38,9.39,8.76,8.76,9.73,-0.97,-9.9692,88410.19
20190430,9.72,9.92,9.6,9.73,9.71,0.02,0.206,40478.24
20190429,10,10.08,9.61,9.71,10,-0.29,-2.9,54729
20190426,9.68,10.08,9.68,10,9.91,0.09,0.9082,49972.94
20190425,10.25,10.38,9.88,9.91,10.32,-0.41,-3.9729,50139.78
20190424,10.15,10.33,9.99,10.32,10.13,0.19,1.8756,49583.73
20190423,10.45,10.49,10,10.13,10.45,-0.32,-3.0622,71560.87
20190422,10.61,10.67,10.4,10.45,10.61,-0.16,-1.508,39586
20190419,10.49,10.61,10.45,10.61,10.52,0.09,0.8555,41429.16
20190418,10.74,10.74,10.45,10.52,10.76,-0.24,-2.2305,55550.4
20190417,10.7,10.76,10.56,10.76,10.7,0.06,0.5607,59656
20190416,10.38,10.7,10.18,10.7,10.5,0.2,1.9048,71722
20190415,10.9,10.95,10.5,10.5,10.77,-0.27,-2.507,70391
20190412,10.6,10.85,10.6,10.77,10.68,0.09,0.8427,48700.54
20190411,10.9,11.06,10.61,10.68,10.89,-0.21,-1.9284,64895.4
20190410,10.95,10.98,10.7,10.89,11.03,-0.14,-1.2693,59172.19
20190409,10.95,11.16,10.9,11.03,11.05,-0.02,-0.181,64305
20190408,11.4,11.5,10.78,11.05,11.39,-0.34,-2.9851,122170.8
20190404,11.6,11.69,11.31,11.39,11.52,-0.13,-1.1285,100405.84
20190403,11.45,11.59,11.28,11.52,11.42,0.1,0.8757,108397.13
20190402,11.67,11.75,11.36,11.42,11.63,-0.21,-1.8057,130836
20190401,10.98,11.67,10.97,11.63,10.89,0.74,6.7952,185832.84
20190329,10.75,10.98,10.28,10.89,10.8,0.09,0.8333,126964.25
20190328,11.17,11.25,10.76,10.8,11.17,-0.37,-3.3124,91640.4
20190327,11.22,11.31,11.01,11.17,11.02,0.15,1.3612,69750.2
20190326,11.3,11.5,10.96,11.02,11.31,-0.29,-2.5641,91606.66
20190325,11.01,11.65,10.95,11.31,11.27,0.04,0.3549,129032.53
20190322,11.31,11.33,11.05,11.27,11.36,-0.09,-0.7923,81662.01
20190321,11.24,11.47,11.16,11.36,11.35,0.01,0.0881,131376.06
20190320,11.26,11.55,10.95,11.35,11.14,0.21,1.8851,153355.26
20190319,11.2,11.35,11.01,11.14,11.17,-0.03,-0.2686,81939.49
20190318,10.82,11.2,10.73,11.17,10.82,0.35,3.2348,105547.97
20190315,10.97,11.08,10.5,10.82,10.88,-0.06,-0.5515,109141.79
20190314,11.4,11.56,10.58,10.88,11.54,-0.66,-5.7192,158997.8
20190313,11.85,11.98,11.36,11.54,11.93,-0.39,-3.2691,143502.67
20190312,12.13,12.37,11.66,11.93,11.9,0.03,0.2521,239976.82
20190311,11.2,11.9,11.16,11.9,10.9,1,9.1743,188546.2
20190308,11.09,11.64,10.68,10.9,11.43,-0.53,-4.6369,183094.97
20190307,11.43,11.85,11.2,11.43,11.3,0.13,1.1504,216582.36
20190306,11.94,11.94,11.08,11.3,11.33,-0.03,-0.2648,286679.84
20190305,10.45,11.33,10.35,11.33,10.3,1.03,10,201177.91
20190304,10.2,10.57,10.19,10.3,10.13,0.17,1.6782,119331.81
20190301,10.23,10.37,10,10.13,10.22,-0.09,-0.8806,59762.22
20190228,9.98,10.25,9.89,10.22,10.12,0.1,0.9881,61317.87
20190227,10.33,10.55,10,10.12,10.33,-0.21,-2.0329,98317.43
20190226,10.2,10.67,10.08,10.33,10.19,0.14,1.3739,144382.38
20190225,9.8,10.3,9.6,10.19,9.6,0.59,6.1458,145782.91
20190222,9.31,9.6,9.31,9.6,9.22,0.38,4.1215,97163.29
20190221,9.4,9.56,9.22,9.22,9.33,-0.11,-1.179,81454.81
20190220,9.4,9.53,9.28,9.33,9.48,-0.15,-1.5823,69335.73
20190219,9.53,9.76,9.3,9.48,9.54,-0.06,-0.6289,76115.41
20190218,9.29,9.64,9.26,9.54,9.3,0.24,2.5806,79961.52
20190215,9.15,9.38,9.12,9.3,9.21,0.09,0.9772,59639.77
20190214,8.85,9.74,8.85,9.21,8.85,0.36,4.0678,113742.78
20190213,8.73,9,8.6,8.85,8.69,0.16,1.8412,83068.13
20190212,8.41,8.74,8.34,8.69,8.44,0.25,2.9621,73750.95
20190211,8.01,8.46,8.01,8.44,8,0.44,5.5,55544.53
20190201,7.77,8,7.75,8,7.77,0.23,2.9601,21677.99
20190131,7.88,7.95,7.75,7.77,7.86,-0.09,-1.145,24376.7
20190130,7.93,8.03,7.84,7.86,7.94,-0.08,-1.0076,19323.98
20190129,8.1,8.1,7.83,7.94,8.1,-0.16,-1.9753,38058.42
20190128,8.31,8.34,8.03,8.1,8.26,-0.16,-1.937,43955.05
20190125,8.32,8.42,8.23,8.26,8.32,-0.06,-0.7212,31084.42
20190124,8.24,8.44,8.22,8.32,8.27,0.05,0.6046,32947.08
20190123,8.29,8.32,8.21,8.27,8.29,-0.02,-0.2413,15226.59
20190122,8.46,8.49,8.2,8.29,8.46,-0.17,-2.0095,30519.94
20190121,8.38,8.51,8.36,8.46,8.38,0.08,0.9547,27770.68
20190118,8.33,8.38,8.24,8.38,8.3,0.08,0.9639,24688.84
20190117,8.45,8.49,8.25,8.3,8.5,-0.2,-2.3529,34514
20190116,8.55,8.6,8.47,8.5,8.61,-0.11,-1.2776,44664.02
20190115,8.3,8.65,8.2,8.61,8.24,0.37,4.4903,73249.86
20190114,8.33,8.39,8.2,8.24,8.31,-0.07,-0.8424,28920.45
20190111,8.34,8.36,8.04,8.31,8.38,-0.07,-0.8353,52417.84
20190110,8.55,8.56,8.35,8.38,8.46,-0.08,-0.9456,36841.57
20190109,8.44,8.6,8.4,8.46,8.45,0.01,0.1183,38933.25
20190108,8.5,8.52,8.37,8.45,8.54,-0.09,-1.0539,29835.27
20190107,8.36,8.63,8.26,8.54,8.26,0.28,3.3898,59473.06
20190104,8,8.29,7.95,8.26,8.13,0.13,1.599,57017.95
20190103,8.45,8.5,8.12,8.13,8.46,-0.33,-3.9007,58266.18
20190102,8.66,8.66,8.45,8.46,8.51,-0.05,-0.5875,25814.7
20181228,8.74,8.78,8.49,8.51,8.69,-0.18,-2.0713,25662.38
20181227,9,9.06,8.69,8.69,8.9,-0.21,-2.3596,38945.89
20181226,8.83,8.9,8.75,8.9,8.75,0.15,1.7143,22815.95
20181225,8.85,8.85,8.66,8.75,8.97,-0.22,-2.4526,41415
20181224,8.9,9.03,8.85,8.97,8.93,0.04,0.4479,25404.62
20181221,9.05,9.05,8.85,8.93,9.03,-0.1,-1.1074,20817.97
20181220,8.95,9.11,8.95,9.03,8.96,0.07,0.7813,17774.22
20181219,9.39,9.42,8.96,8.96,9.33,-0.37,-3.9657,39352
20181218,9.38,9.42,9.21,9.33,9.45,-0.12,-1.2698,27403.76
20181217,9.45,9.58,9.32,9.45,9.59,-0.14,-1.4599,32782.43
20181214,9.53,9.84,9.44,9.59,9.55,0.04,0.4188,68505.7
20181213,9.58,9.63,9.45,9.55,9.47,0.08,0.8448,27561.9
20181212,9.59,9.62,9.46,9.47,9.5,-0.03,-0.3158,23175.12
20181211,9.5,9.61,9.38,9.5,9.44,0.06,0.6356,27481.23
20181210,9.46,9.55,9.36,9.44,9.6,-0.16,-1.6667,31588.63
20181207,9.8,9.85,9.5,9.6,9.73,-0.13,-1.3361,51372.95
20181206,9.46,9.85,9.46,9.73,9.57,0.16,1.6719,98466.21
20181205,9.3,9.7,9.2,9.57,9.46,0.11,1.1628,60582
20181204,9.41,9.57,9.35,9.46,9.43,0.03,0.3181,51210.74
20181203,9.34,9.48,9.31,9.43,9.12,0.31,3.3991,67217.16
20181130,9.14,9.15,8.94,9.12,8.99,0.13,1.4461,35382.5
20181129,9.23,9.24,8.96,8.99,9.14,-0.15,-1.6411,45578.13
20181128,8.9,9.24,8.85,9.14,8.99,0.15,1.6685,49732.01
20181127,8.91,9.05,8.85,8.99,8.86,0.13,1.4673,34723.74
20181126,9,9.01,8.78,8.86,8.85,0.01,0.113,29596
20181123,9.09,9.09,8.77,8.85,9.06,-0.21,-2.3179,53239
20181122,9.05,9.15,9.01,9.06,9.02,0.04,0.4435,37699.26
20181121,8.9,9.08,8.8,9.02,9.01,0.01,0.111,60136.17
20181120,9.4,9.4,8.99,9.01,9.76,-0.75,-7.6844,133250.34
20181119,9.88,9.95,9.59,9.76,9.84,-0.08,-0.813,63980.91
20181116,9.91,10.06,9.77,9.84,9.81,0.03,0.3058,80404.95
20181115,9.63,9.86,9.61,9.81,9.65,0.16,1.658,71824.44
20181114,9.68,10.09,9.6,9.65,9.74,-0.09,-0.924,121806.78
20181113,9.15,9.76,9.07,9.74,9.28,0.46,4.9569,139981.58
20181112,9,9.29,9,9.28,9.06,0.22,2.4283,65179.54
20181109,9,9.24,8.98,9.06,9.07,-0.01,-0.1103,42248
20181108,9.24,9.26,9.04,9.07,9.15,-0.08,-0.8743,46370
20181107,9.18,9.34,9.11,9.15,9.16,-0.01,-0.1092,52699.82
20181106,9.22,9.22,8.99,9.16,9.27,-0.11,-1.1866,48349.77
20181105,9.26,9.44,9.13,9.27,9.38,-0.11,-1.1727,82955.83
20181102,9.16,9.4,9.1,9.38,8.98,0.4,4.4543,143510.49
20181101,9.29,9.5,8.93,8.98,8.8,0.18,2.0455,120190.29
20181031,8.77,8.87,8.71,8.8,8.73,0.07,0.8018,55468.88
20181030,8.71,8.84,8.45,8.73,8.69,0.04,0.4603,66210.67
20181029,8.98,8.98,8.5,8.69,8.98,-0.29,-3.2294,59746.32
20181026,9.11,9.2,8.85,8.98,9.06,-0.08,-0.883,69706.82
20181025,9.51,9.65,9.05,9.06,10.06,-1,-9.9404,151271.51
20181024,9.93,10.2,9.83,10.06,9.94,0.12,1.2072,50976.95
20181023,10.09,10.21,9.82,9.94,10.15,-0.21,-2.069,52235.61
20181022,9.58,10.2,9.58,10.15,9.46,0.69,7.2939,88673.77
20181019,9.23,9.6,9,9.46,9.35,0.11,1.1765,49971.65
20181018,9.69,9.69,9.25,9.35,9.72,-0.37,-3.8066,49951.01
20181017,9.73,9.83,9.31,9.72,9.59,0.13,1.3556,42538.51
20181016,9.88,9.99,9.55,9.59,9.77,-0.18,-1.8424,28061
20181015,9.96,10.16,9.77,9.77,9.96,-0.19,-1.9076,31475.08
20181012,9.93,10.15,9.44,9.96,10,-0.04,-0.4,60977.73
20181011,10.33,10.55,9.78,10,10.87,-0.87,-8.0037,85450.3
20181010,10.84,11.17,10.73,10.87,10.8,0.07,0.6481,38879.18
20181009,10.79,10.93,10.65,10.8,10.77,0.03,0.2786,42581.67
20181008,11.49,11.49,10.63,10.77,11.68,-0.91,-7.7911,95745.83
20180928,10.94,11.72,10.94,11.68,10.94,0.74,6.7642,99739.37
20180927,11.27,11.31,10.93,10.94,11.33,-0.39,-3.4422,42420.84
20180926,11.33,11.43,11.2,11.33,11.28,0.05,0.4433,35722.75
20180925,11.15,11.44,11.15,11.28,11.33,-0.05,-0.4413,22086
20180921,11.24,11.38,11.22,11.33,11.22,0.11,0.9804,37948.07
20180920,11.28,11.42,11.2,11.22,11.29,-0.07,-0.62,35597.1
20180919,11.02,11.49,10.91,11.29,10.88,0.41,3.7684,78971.52
20180918,10.57,10.9,10.49,10.88,10.56,0.32,3.0303,47530.99
20180917,11.13,11.18,10.53,10.56,11.13,-0.57,-5.1213,42680.31
20180914,11.14,11.24,11.11,11.13,11.14,-0.01,-0.0898,27181.71
20180913,11.23,11.3,10.93,11.14,11.04,0.1,0.9058,38052
20180912,11.06,11.15,10.92,11.04,11.02,0.02,0.1815,30532.01
20180911,11.08,11.17,10.89,11.02,10.95,0.07,0.6393,34122.85
20180910,11.39,11.59,10.8,10.95,11.41,-0.46,-4.0316,81806.75
20180907,11.77,11.94,11.4,11.41,11.7,-0.29,-2.4786,59516
20180906,11.79,12.04,11.69,11.7,11.77,-0.07,-0.5947,32899.62
20180905,12.1,12.1,11.75,11.77,12,-0.23,-1.9167,32714.66
20180904,11.68,12.04,11.61,12,11.7,0.3,2.5641,39653.13
20180903,11.88,11.99,11.4,11.7,11.94,-0.24,-2.0101,43384.22
20180831,12.34,12.43,11.91,11.94,12.36,-0.42,-3.3981,52524.18
20180830,12.41,12.67,12.35,12.36,12.49,-0.13,-1.0408,37065
20180829,12.77,12.82,12.45,12.49,12.86,-0.37,-2.8771,50059.55
20180828,12.83,12.92,12.71,12.86,12.83,0.03,0.2338,62661.4
20180827,12.55,12.88,12.45,12.83,12.46,0.37,2.9695,85603.8
20180824,12.68,12.68,12.41,12.46,12.69,-0.23,-1.8125,65200
20180823,12.48,12.71,12.41,12.69,12.53,0.16,1.2769,54115.22
20180822,12.63,12.75,12.5,12.53,12.62,-0.09,-0.7132,43134.34
20180821,12.5,12.72,12.46,12.62,12.4,0.22,1.7742,57257
20180820,12.42,12.54,12.02,12.4,12.32,0.08,0.6494,47742.84
20180817,12.66,12.69,12.23,12.32,12.39,-0.07,-0.565,57495.09
20180816,12.66,12.87,12.31,12.39,12.89,-0.5,-3.879,72928.07
20180815,13.1,13.27,12.8,12.89,13.22,-0.33,-2.4962,69174.45
20180814,13.78,13.88,13.15,13.22,13.8,-0.58,-4.2029,110377.78
20180813,13.6,13.9,13.46,13.8,13.79,0.01,0.0725,83605
20180810,13.5,13.88,13.45,13.79,13.51,0.28,2.0725,87597
20180809,13.18,13.71,13.1,13.51,13.22,0.29,2.1936,78200.4
20180808,13.4,13.52,13.1,13.22,13.4,-0.18,-1.3433,48942
20180807,12.74,13.45,12.7,13.4,12.73,0.67,5.2632,85275.92
20180806,12.55,12.89,12.33,12.73,12.66,0.07,0.5529,57364.92
20180803,13.18,13.3,12.63,12.66,13.38,-0.72,-5.3812,77710.3
20180802,12.9,13.43,12.52,13.38,13.16,0.22,1.6717,114712.1
20180801,13.46,13.55,13.15,13.16,13.31,-0.15,-1.127,77866.49
20180731,13.3,13.44,13.12,13.31,13.24,0.07,0.5287,78712.37
20180730,14.06,14.24,13.03,13.24,14.16,-0.92,-6.4972,170247.93
20180727,14.26,14.5,13.99,14.16,14.55,-0.39,-2.6804,117073.65
20180726,15.9,15.94,14.36,14.55,15.9,-1.35,-8.4906,234274.99
20180725,16.16,16.26,15.81,15.9,16.35,-0.45,-2.7523,110424.7
20180724,15.18,16.42,15.18,16.35,15.25,1.1,7.2131,189263.2
20180723,15.28,15.47,15.1,15.25,15.16,0.09,0.5937,123577.6
20180720,15.57,15.85,14.83,15.16,15.46,-0.3,-1.9405,152174.91
20180719,15.5,16.15,15.38,15.46,15.69,-0.23,-1.47,120142.28
20180718,15.6,16.15,15.37,15.69,15.52,0.17,1.1,167440.56
20180717,14.6,15.75,14.6,15.52,14.7,0.82,5.58,200447.43
20180716,14.19,14.7,13.9,14.7,14.15,0.55,3.89,91948.13
20180713,14.26,14.4,13.99,14.15,14.35,-0.2,-1.39,73040.09
20180712,13.86,14.45,13.75,14.35,13.86,0.49,3.54,112398.83
20180711,14.1,14.1,13.52,13.86,14.35,-0.49,-3.41,76894.44
20180710,14.49,14.55,14.2,14.35,14.58,-0.23,-1.58,54048.52
20180709,14.35,14.58,14.01,14.58,14.3,0.28,1.96,93630.94
20180706,14.34,14.49,14.04,14.3,14.28,0.02,0.14,79620.59
20180705,14.02,14.63,13.72,14.28,14.08,0.2,1.42,102953.46
20180704,14.22,14.55,13.8,14.08,14.28,-0.2,-1.4,80761.9
20180703,13.79,14.31,13.63,14.28,13.93,0.35,2.51,92810.3
20180702,13.98,14.44,13.8,13.93,13.98,-0.05,-0.36,86737.33
20180629,13.1,14.08,12.99,13.98,13.04,0.94,7.21,103686.95
20180628,13.05,13.34,12.96,13.04,13.04,0,0,46597.62
20180627,13.49,13.55,12.95,13.04,13.4,-0.36,-2.69,59591.99
20180626,12.9,13.56,12.8,13.4,13.2,0.2,1.52,79333.89
20180625,13.09,13.67,13.07,13.2,13.03,0.17,1.3,64442
20180622,12.5,13.1,12.38,13.03,12.49,0.54,4.32,62545.11
20180621,12.85,13.12,12.48,12.49,12.9,-0.41,-3.18,47154.4
20180620,12.11,13.31,12.08,12.9,12.11,0.79,6.52,95507.1
20180619,11.78,12.65,11.6,12.11,12.07,0.04,0.33,153090.73
20180615,13.31,13.43,12,12.07,13.33,-1.26,-9.45,110826.68
20180614,13.34,13.64,13.3,13.33,13.45,-0.12,-0.89,25145.47
20180613,13.72,13.84,13.36,13.45,13.87,-0.42,-3.03,39520.2
20180612,13.73,14.05,13.4,13.87,13.87,0,0,49095.96
20180611,14.2,14.2,13.78,13.87,14.26,-0.39,-2.73,38378
20180608,14.2,14.45,14.08,14.26,14.27,-0.01,-0.07,51510.68
20180607,14.15,14.67,14.05,14.27,14.02,0.25,1.78,82720.09
20180606,14.08,14.25,13.89,14.02,14.08,-0.06,-0.43,51813.51
20180605,13.52,14.08,13.42,14.08,13.51,0.57,4.22,64833.72
20180604,13.95,14.14,13.35,13.51,14.05,-0.54,-3.84,64871.66
20180601,13.7,14.25,13.22,14.05,13.86,0.19,1.37,83373.64
20180531,13.87,14.08,13.62,13.86,13.53,0.33,2.44,67694.33
20180530,14.25,14.26,13.41,13.53,14.4,-0.87,-6.04,82719.23
20180529,14.43,14.67,14.33,14.47,14.55,-0.08,-0.55,61255.46
20180528,14.51,14.75,14.24,14.55,14.41,0.14,0.97,121737.79
20180525,13.9,14.83,13.89,14.41,13.99,0.42,3,206299.12
20180524,13.45,14.1,13.34,13.99,13.45,0.54,4.01,111289.96
20180523,13.38,13.73,13.32,13.45,13.5,-0.05,-0.37,67552.4
20180522,13.85,13.9,13.28,13.5,13.81,-0.31,-2.24,107071.63
20180521,13.9,14.08,13.8,13.81,13.78,0.03,0.22,103150.62
20180518,13.78,13.9,13.55,13.78,13.78,0,0,57209.97
20180517,13.8,14.11,13.75,13.78,13.86,-0.08,-0.58,63949.56
20180516,13.72,13.93,13.41,13.86,13.8,0.06,0.43,83935.01
20180515,13.8,14.14,13.7,13.8,13.8,0,0,79728.49
20180514,14.17,14.2,13.61,13.8,14.02,-0.22,-1.57,83040.69
20180511,14.15,14.35,13.98,14.02,13.98,0.04,0.29,129711.34
20180510,13.86,14.05,13.77,13.98,13.86,0.12,0.87,81318.07
20180509,13.97,14.13,13.63,13.86,13.93,-0.07,-0.5,112284.79
20180508,14.08,14.26,13.81,13.93,13.95,-0.02,-0.14,118415.46
20180507,13.11,14.15,13,13.95,12.91,1.04,8.06,186474.88
20180504,13.23,13.5,12.9,12.91,13.29,-0.38,-2.86,77341.07
20180503,13.32,13.37,12.84,13.29,13.38,-0.09,-0.67,83613.65
20180502,13.12,13.39,12.68,13.38,12.98,0.4,3.08,113763.87
20180427,13.1,13.25,12.59,12.98,13.07,-0.09,-0.69,108176.71
20180426,13.47,13.6,12.95,13.07,13.5,-0.43,-3.19,104201.54
20180425,13.6,13.82,13.46,13.5,13.65,-0.15,-1.1,111693.89
20180424,13.11,13.75,12.92,13.65,13.11,0.54,4.12,148457.4
20180423,12.72,13.29,12.64,13.11,12.75,0.36,2.82,141879.78
20180420,12.91,13.2,12.63,12.75,12.99,-0.24,-1.85,144336.69
20180419,12.7,13.09,12.49,12.99,12.87,0.12,0.93,207792.85
20180418,11.84,12.87,11.7,12.87,11.7,1.17,10,258711.2
20180417,12.32,12.46,11.61,11.7,12.37,-0.67,-5.42,85253.68
20180416,12.28,12.53,12.1,12.37,12.28,0.09,0.73,75933.13
20180413,12.12,12.44,12.12,12.28,12.04,0.24,1.99,68505.73
20180412,12.16,12.48,11.95,12.04,12.2,-0.16,-1.31,78708
20180411,12.06,12.43,12.02,12.2,12.06,0.14,1.16,98686
20180410,12.56,12.7,11.88,12.06,12.11,-0.05,-0.41,125872.28
20180409,11.65,12.16,11.35,12.11,11.62,0.49,4.22,110131.57
20180404,11.8,12.11,11.62,11.62,11.8,-0.18,-1.53,94543.13
20180403,11.76,11.9,11.6,11.8,12.01,-0.21,-1.75,90106.99
20180402,12.13,12.56,11.8,12.01,12.01,0,0,176643.38
20180330,11.73,12.1,11.5,12.01,11.5,0.51,4.43,161507.54
20180329,11.41,12.15,11.39,11.5,11.14,0.36,3.23,163262.24
20180328,10.97,11.24,10.88,11.14,11.15,-0.01,-0.09,70664.43
20180327,10.38,11.2,10.38,11.15,10.26,0.89,8.67,117928.51
20180326,9.94,10.3,9.66,10.26,9.97,0.29,2.91,51221.71
20180323,10.57,10.6,9.8,9.97,10.88,-0.91,-8.36,82490.83
20180322,11,11.07,10.81,10.88,10.9,-0.02,-0.18,33123.82
20180321,10.85,11.26,10.85,10.9,10.83,0.07,0.65,68256.23
20180320,10.48,10.91,10.38,10.83,10.57,0.26,2.46,57465.48
20180319,10.46,10.88,10.4,10.57,10.5,0.07,0.67,53644
20180316,10.6,10.68,10.41,10.5,10.66,-0.16,-1.5,49720
20180315,10.6,10.87,10.46,10.66,10.81,-0.15,-1.39,49210.81
20180314,10.89,11.26,10.8,10.81,10.94,-0.13,-1.19,60125.34
20180313,11.19,11.19,10.85,10.94,11.12,-0.18,-1.62,51946.1
20180312,11.16,11.4,11.04,11.12,11.03,0.09,0.82,71371.09
20180309,10.77,11.08,10.7,11.03,10.76,0.27,2.51,64181.16
20180308,10.88,10.96,10.65,10.76,10.95,-0.19,-1.74,41808
20180307,10.9,11.13,10.72,10.95,10.89,0.06,0.55,45370.73
20180306,11.06,11.1,10.81,10.89,11.06,-0.17,-1.54,61927
20180305,10.48,11.33,10.48,11.06,10.69,0.37,3.46,82813.67
20180302,10.35,11.18,10.35,10.69,10.45,0.24,2.3,97453.36
20180301,9.99,10.49,9.95,10.45,10.06,0.39,3.88,61823.8
20180228,9.91,10.24,9.82,10.06,10.04,0.02,0.2,35542.52
20180227,9.76,10.5,9.61,10.04,9.67,0.37,3.83,48054
20180226,9.41,9.71,9.41,9.67,9.38,0.29,3.09,28131
20180223,9.49,9.57,9.32,9.38,9.48,-0.1,-1.05,15631.83
20180222,9.6,9.64,9.34,9.48,9.3,0.18,1.94,18797.7
20180214,9.22,9.32,9.1,9.3,9.2,0.1,1.09,14073
20180213,9.16,9.46,9.12,9.2,9.13,0.07,0.77,20956.1
20180212,8.98,9.18,8.92,9.13,8.91,0.22,2.47,23002
20180209,8.8,9.06,8.6,8.91,9.13,-0.22,-2.41,48201.01
20180208,9.15,9.23,9,9.13,9.14,-0.01,-0.11,50458.17
20180207,10.1,10.27,8.94,9.14,9.93,-0.79,-7.96,105255.63
