trade_date,ts_code,open,high,low,close,pre_close,change,pct_chg,vol,amount
20200729,300685.SZ,76.88,80.5,75.22,79.53,76.2,3.33,4.3701,48231.39,378538.641
20200728,300685.SZ,76.24,79.43,74.99,76.2,75.37,0.83,1.1012,45510.24,349243.253
20200727,300685.SZ,71.84,75.99,71.09,75.37,70.99,4.38,6.1699,40116.85,298893.827
20200724,300685.SZ,76.56,78.44,70.0,70.99,77.63,-6.64,-8.5534,45608.24,338125.593
20200723,300685.SZ,76.7,80.8,76.41,77.63,76.9,0.73,0.9493,46867.92,367416.632
20200722,300685.SZ,73.83,77.59,72.92,76.9,73.85,3.05,4.13,36207.0,275623.622
20200721,300685.SZ,70.61,74.5,69.5,73.85,70.77,3.08,4.3521,29076.21,212671.328
20200720,300685.SZ,71.98,71.99,67.18,70.77,70.8,-0.03,-0.0424,34827.97,242427.871
20200717,300685.SZ,69.76,72.13,68.64,70.8,69.37,1.43,2.0614,37857.31,265442.956
20200716,300685.SZ,78.0,78.26,69.36,69.37,77.07,-7.7,-9.9909,51816.84,377971.397
20200715,300685.SZ,75.6,78.68,75.49,77.07,75.78,1.29,1.7023,37215.87,286581.438
20200714,300685.SZ,76.73,78.0,73.0,75.78,77.29,-1.51,-1.9537,35784.18,271008.151
20200713,300685.SZ,75.98,77.35,74.3,77.29,74.1,3.19,4.305,43903.29,333576.063
20200710,300685.SZ,73.75,75.86,72.9,74.1,73.6,0.5,0.6793,46695.92,347164.239
20200709,300685.SZ,71.1,73.65,70.0,73.6,71.16,2.44,3.4289,54826.16,399887.616
20200708,300685.SZ,72.27,72.74,70.35,71.16,72.09,-0.93,-1.2901,34518.84,246140.556
20200707,300685.SZ,70.0,73.43,68.7,72.09,71.1,0.99,1.3924,59030.63,423139.793
20200706,300685.SZ,71.02,71.79,68.88,71.1,71.78,-0.68,-0.9473,49749.56,351523.864
20200703,300685.SZ,72.5,73.1,70.0,71.78,71.79,-0.01,-0.0139,44320.35,317241.463
20200702,300685.SZ,75.13,75.97,71.25,71.79,75.0,-3.21,-4.28,49920.29,363465.213
20200701,300685.SZ,77.12,78.26,72.39,75.0,76.96,-1.96,-2.5468,47894.86,358618.948
20200630,300685.SZ,76.3,79.95,75.58,76.96,76.52,0.44,0.575,40548.34,315525.626
20200629,300685.SZ,70.9,77.39,70.33,76.52,71.39,5.13,7.1859,47526.42,354810.2
20200624,300685.SZ,71.1,71.91,69.8,71.39,71.2,0.19,0.2669,40287.73,286346.167
20200623,300685.SZ,68.28,71.8,68.28,71.2,67.0,4.2,6.2687,57229.92,404187.925
20200622,300685.SZ,66.91,68.4,66.01,67.0,66.96,0.04,0.0597,39436.54,264723.283
20200619,300685.SZ,65.37,67.45,64.3,66.96,64.24,2.72,4.2341,43957.2,292223.754
20200618,300685.SZ,66.99,67.66,63.72,64.24,67.41,-3.17,-4.7026,48086.17,312153.061
20200617,300685.SZ,67.0,69.19,66.23,67.41,66.58,0.83,1.2466,55550.5,376356.761
20200616,300685.SZ,63.63,67.79,62.28,66.58,63.15,3.43,5.4315,62299.9,409306.837
20200615,300685.SZ,97.15,98.97,92.81,94.98,94.7,0.28,0.2957,34267.6,328214.184
20200612,300685.SZ,88.39,94.75,88.38,94.7,89.26,5.44,6.0946,32886.2,304544.647
20200611,300685.SZ,90.69,91.51,87.89,89.26,90.15,-0.89,-0.9872,19028.29,170715.382
20200610,300685.SZ,89.8,91.0,88.37,90.15,88.9,1.25,1.4061,17434.61,156523.931
20200609,300685.SZ,85.0,89.26,84.1,88.9,84.82,4.08,4.8102,22366.59,195600.856
20200608,300685.SZ,90.07,90.63,84.6,84.82,89.58,-4.76,-5.3137,30028.96,261439.992
20200605,300685.SZ,88.15,89.58,87.08,89.58,88.36,1.22,1.3807,23413.38,207412.012
20200604,300685.SZ,85.88,88.77,84.56,88.36,85.31,3.05,3.5752,22649.16,197316.503
20200603,300685.SZ,85.24,86.65,84.61,85.31,85.24,0.07,0.0821,14946.71,128000.854
20200602,300685.SZ,87.41,87.99,84.68,85.24,87.98,-2.74,-3.1143,22649.81,194622.542
20200601,300685.SZ,87.5,88.76,86.19,87.98,86.97,1.01,1.1613,24563.67,215245.188
20200529,300685.SZ,83.85,86.97,83.57,86.97,83.84,3.13,3.7333,22502.29,193621.906
20200528,300685.SZ,85.55,85.73,81.9,83.84,85.07,-1.23,-1.4459,13167.94,110158.129
20200527,300685.SZ,86.46,87.9,84.89,85.07,86.16,-1.09,-1.2651,16334.74,140868.701
20200526,300685.SZ,81.05,86.71,81.05,86.16,80.93,5.23,6.4624,20852.88,177115.355
20200525,300685.SZ,80.58,81.9,79.66,80.93,80.56,0.37,0.4593,13299.4,107485.047
20200522,300685.SZ,83.5,84.16,79.8,80.56,83.1,-2.54,-3.0566,23977.0,195604.924
20200521,300685.SZ,83.5,85.95,82.5,83.1,83.2,-0.1,-0.1202,29500.69,247917.315
20200520,300685.SZ,86.24,87.11,82.3,83.2,86.31,-3.11,-3.6033,25163.37,211021.108
20200519,300685.SZ,87.67,88.88,85.58,86.31,87.73,-1.42,-1.6186,24202.03,209640.044
20200518,300685.SZ,85.14,88.19,85.04,87.73,85.3,2.43,2.8488,18667.38,163086.218
20200515,300685.SZ,86.0,86.5,84.0,85.3,85.4,-0.1,-0.1171,13415.59,114530.653
20200514,300685.SZ,86.21,87.2,85.2,85.4,87.64,-2.24,-2.5559,18215.42,156499.482
20200513,300685.SZ,86.14,89.08,85.2,87.64,86.15,1.49,1.7295,21633.99,189658.171
20200512,300685.SZ,84.45,86.7,83.63,86.15,84.15,2.0,2.3767,20417.52,174917.466
20200511,300685.SZ,87.0,87.88,83.8,84.15,85.86,-1.71,-1.9916,18052.05,153968.166
20200508,300685.SZ,83.97,86.88,83.01,85.86,83.1,2.76,3.3213,18678.63,160196.938
20200507,300685.SZ,81.99,83.99,81.47,83.1,81.44,1.66,2.0383,16104.73,133449.716
20200506,300685.SZ,78.04,81.9,77.66,81.44,79.03,2.41,3.0495,15542.65,124518.054
20200430,300685.SZ,82.6,82.6,78.88,79.03,81.5,-2.47,-3.0307,21738.36,174095.49
20200429,300685.SZ,81.51,84.5,80.83,81.5,81.15,0.35,0.4313,18739.76,154897.77
20200428,300685.SZ,78.81,82.24,77.3,81.15,78.7,2.45,3.1131,20875.45,167504.762
20200427,300685.SZ,77.99,80.51,77.35,78.7,77.73,0.97,1.2479,18076.35,143041.53
20200424,300685.SZ,79.1,80.6,77.2,77.73,79.18,-1.45,-1.8313,16965.77,133262.029
20200423,300685.SZ,79.99,82.88,78.6,79.18,79.41,-0.23,-0.2896,29663.01,238432.158
20200422,300685.SZ,78.5,80.12,76.0,79.41,78.0,1.41,1.8077,22035.16,173528.078
20200421,300685.SZ,81.44,82.0,76.18,78.0,81.44,-3.44,-4.224,29967.49,234474.406
20200420,300685.SZ,79.8,82.2,79.21,81.44,79.62,1.82,2.2859,11182.68,90732.765
20200417,300685.SZ,80.0,80.41,78.05,79.62,79.55,0.07,0.088,12097.21,96137.841
20200416,300685.SZ,79.0,80.5,77.7,79.55,79.13,0.42,0.5308,15258.28,121085.089
20200415,300685.SZ,80.3,81.2,78.5,79.13,79.7,-0.57,-0.7152,14687.85,116822.075
20200414,300685.SZ,77.87,80.44,76.67,79.7,77.4,2.3,2.9716,18505.61,146051.939
20200413,300685.SZ,75.95,78.94,75.12,77.4,75.62,1.78,2.3539,19665.22,152389.78
20200410,300685.SZ,74.0,78.2,74.0,75.62,74.29,1.33,1.7903,21458.7,163661.236
20200409,300685.SZ,71.32,75.86,71.32,74.29,71.32,2.97,4.1643,17553.77,130467.483
20200408,300685.SZ,71.02,71.8,70.21,71.32,71.31,0.01,0.014,10763.2,76502.06
20200407,300685.SZ,69.74,72.2,69.3,71.31,68.57,2.74,3.9959,18541.98,131936.838
20200403,300685.SZ,69.12,70.43,68.29,68.57,69.12,-0.55,-0.7957,7349.23,50858.522
20200402,300685.SZ,68.3,69.5,67.11,69.12,67.85,1.27,1.8718,8668.1,59186.578
20200401,300685.SZ,67.9,69.95,67.3,67.85,67.5,0.35,0.5185,12846.46,87941.511
20200331,300685.SZ,68.23,68.99,67.06,67.5,67.96,-0.46,-0.6769,9671.42,65751.303
20200330,300685.SZ,69.88,70.7,67.04,67.96,70.73,-2.77,-3.9163,16061.56,109927.587
20200327,300685.SZ,72.07,72.99,70.52,70.73,71.35,-0.62,-0.869,11753.03,83939.306
20200326,300685.SZ,69.93,72.8,69.23,71.35,70.25,1.1,1.5658,16728.76,119731.809
20200325,300685.SZ,69.55,70.99,68.63,70.25,67.86,2.39,3.522,15061.01,105329.856
20200324,300685.SZ,65.99,67.98,65.4,67.86,64.7,3.16,4.8841,14454.29,96693.27
20200323,300685.SZ,65.18,66.98,64.5,64.7,67.79,-3.09,-4.5582,15287.0,100213.701
20200320,300685.SZ,67.66,69.0,66.8,67.79,67.04,0.75,1.1187,20466.56,138647.681
20200319,300685.SZ,67.87,68.85,64.74,67.04,67.58,-0.54,-0.7991,20590.35,137160.828
20200318,300685.SZ,68.22,70.67,67.46,67.58,67.28,0.3,0.4459,17596.87,121182.581
20200317,300685.SZ,68.45,70.0,66.24,67.28,67.9,-0.62,-0.9131,18074.63,122112.899
20200316,300685.SZ,71.8,73.42,67.0,67.9,71.8,-3.9,-5.4318,24080.75,168952.476
20200313,300685.SZ,70.2,72.98,69.84,71.8,74.0,-2.2,-2.973,19959.15,142507.102
20200312,300685.SZ,77.0,77.52,73.6,74.0,77.8,-3.8,-4.8843,19204.5,144306.086
20200311,300685.SZ,81.57,81.99,77.55,77.8,80.52,-2.72,-3.378,15556.48,123254.175
20200310,300685.SZ,79.37,81.87,77.85,80.52,80.2,0.32,0.399,21063.81,167883.782
20200309,300685.SZ,81.9,83.52,79.68,80.2,81.75,-1.55,-1.896,25274.14,205957.901
20200306,300685.SZ,80.25,84.21,80.01,81.75,81.46,0.29,0.356,21135.78,174589.266
20200305,300685.SZ,79.69,82.97,78.53,81.46,78.81,2.65,3.3625,22643.06,183771.944
20200304,300685.SZ,77.09,78.81,76.66,78.81,77.83,0.98,1.2592,18662.16,145310.517
20200303,300685.SZ,73.99,78.64,73.99,77.83,73.55,4.28,5.8192,39842.51,308595.405
20200302,300685.SZ,72.28,73.87,70.5,73.55,71.0,2.55,3.5915,15587.45,112693.981
20200228,300685.SZ,72.06,74.69,70.9,71.0,74.0,-3.0,-4.0541,22781.59,165894.972
20200227,300685.SZ,74.0,75.69,72.38,74.0,73.23,0.77,1.0515,18077.19,134255.198
20200226,300685.SZ,76.22,77.0,72.5,73.23,77.33,-4.1,-5.302,27748.98,206166.528
20200225,300685.SZ,77.5,79.86,75.1,77.33,80.1,-2.77,-3.4582,35925.72,279344.627
20200224,300685.SZ,76.0,80.92,76.0,80.1,76.08,4.02,5.2839,37290.01,295187.533
20200221,300685.SZ,76.7,77.4,75.66,76.08,76.79,-0.71,-0.9246,20130.02,153871.981
20200220,300685.SZ,75.4,77.77,74.34,76.79,74.51,2.28,3.06,30280.41,231242.088
20200219,300685.SZ,76.2,77.0,74.5,74.51,76.55,-2.04,-2.6649,19756.4,149537.734
20200218,300685.SZ,73.97,77.4,73.06,76.55,73.78,2.77,3.7544,34274.17,258686.548
20200217,300685.SZ,70.3,73.79,70.01,73.78,70.51,3.27,4.6376,27209.04,196803.405
20200214,300685.SZ,71.02,71.85,69.91,70.51,71.85,-1.34,-1.865,20343.83,144420.399
20200213,300685.SZ,73.59,73.6,70.67,71.85,73.59,-1.74,-2.3645,26674.79,190896.996
20200212,300685.SZ,71.98,73.7,71.21,73.59,71.87,1.72,2.3932,25678.04,186308.143
20200211,300685.SZ,73.21,73.99,71.31,71.87,72.86,-0.99,-1.3588,19281.82,138777.567
20200210,300685.SZ,71.4,72.86,69.96,72.86,71.0,1.86,2.6197,24315.64,174276.638
20200207,300685.SZ,70.4,72.24,69.5,71.0,70.97,0.03,0.0423,21914.73,155197.042
20200206,300685.SZ,69.0,72.5,67.52,70.97,68.5,2.47,3.6058,31288.24,220797.919
20200205,300685.SZ,68.85,71.0,67.09,68.5,68.33,0.17,0.2488,29879.77,205348.741
20200204,300685.SZ,68.0,71.48,66.6,68.33,66.25,2.08,3.1396,25455.97,175732.051
20200203,300685.SZ,64.62,70.0,64.62,66.25,71.5,-5.25,-7.3427,18990.64,127046.187
20200123,300685.SZ,72.98,73.88,70.3,71.5,73.49,-1.99,-2.7079,14670.38,105782.775
20200122,300685.SZ,71.15,74.19,70.72,73.49,72.46,1.03,1.4215,15989.18,116601.304
20200121,300685.SZ,72.4,74.61,71.79,72.46,72.5,-0.04,-0.0552,17150.28,125361.676
20200120,300685.SZ,71.5,73.79,71.24,72.5,72.89,-0.39,-0.5351,18302.43,131931.476
20200117,300685.SZ,72.13,73.5,71.3,72.89,72.12,0.77,1.0677,14616.0,106157.056
20200116,300685.SZ,69.0,72.67,68.4,72.12,69.0,3.12,4.5217,24199.46,172582.069
20200115,300685.SZ,68.33,69.34,67.29,69.0,68.08,0.92,1.3514,9219.6,63364.993
20200114,300685.SZ,69.0,70.23,67.79,68.08,70.2,-2.12,-3.0199,15749.27,107931.58
20200113,300685.SZ,69.49,70.34,68.18,70.2,69.14,1.06,1.5331,12982.12,90079.785
20200110,300685.SZ,69.11,69.47,68.38,69.14,68.95,0.19,0.2756,7331.4,50582.956
20200109,300685.SZ,67.5,69.39,66.89,68.95,66.87,2.08,3.1105,15907.71,109182.689
20200108,300685.SZ,67.53,67.97,66.6,66.87,67.5,-0.63,-0.9333,10127.58,67835.534
20200107,300685.SZ,64.83,67.57,64.39,67.5,64.83,2.67,4.1185,22472.05,149042.95
20200106,300685.SZ,66.9,66.9,64.25,64.83,66.97,-2.14,-3.1955,20209.69,131276.34
20200103,300685.SZ,66.48,67.5,66.48,66.97,66.77,0.2,0.2995,9629.2,64442.805
20200102,300685.SZ,67.0,67.47,65.78,66.77,66.82,-0.05,-0.0748,11580.0,77024.479
20200729,002747.SZ,15.58,16.69,15.4,16.53,15.6,0.93,5.9615,187518.29,300984.436
20200728,002747.SZ,15.68,15.98,15.22,15.6,15.38,0.22,1.4304,125663.79,195823.2
20200727,002747.SZ,16.15,16.16,15.15,15.38,16.2,-0.82,-5.0617,228584.9,355934.528
20200724,002747.SZ,16.8,16.81,15.56,16.2,16.51,-0.31,-1.8776,285487.23,460908.718
20200723,002747.SZ,17.8,18.07,16.24,16.51,17.95,-1.44,-8.0223,332693.07,561431.842
20200722,002747.SZ,17.12,18.18,16.9,17.95,17.21,0.74,4.2998,184201.74,325956.565
20200721,002747.SZ,17.2,17.87,16.77,17.21,16.97,0.24,1.4143,226621.76,390465.486
20200720,002747.SZ,15.8,16.97,15.5,16.97,15.43,1.54,9.9806,320102.62,530137.992
20200717,002747.SZ,14.86,15.8,14.8,15.43,14.87,0.56,3.766,199292.16,305435.914
20200716,002747.SZ,14.95,16.1,14.83,14.87,15.23,-0.36,-2.3638,229290.8,353556.481
20200715,002747.SZ,15.4,15.6,14.8,15.23,15.2,0.03,0.1974,213356.58,323258.908
20200714,002747.SZ,15.21,16.16,14.68,15.2,15.32,-0.12,-0.7833,222269.86,340759.697
20200713,002747.SZ,14.97,15.43,14.75,15.32,15.12,0.2,1.3228,184452.45,278886.698
20200710,002747.SZ,15.63,15.68,14.6,15.12,15.5,-0.38,-2.4516,218210.43,329484.318
20200709,002747.SZ,14.2,15.5,14.01,15.5,14.09,1.41,10.0071,267772.91,395199.486
20200708,002747.SZ,13.03,14.4,13.03,14.09,13.09,1.0,7.6394,293345.03,407198.381
20200707,002747.SZ,13.05,13.55,12.92,13.09,13.0,0.09,0.6923,184150.75,243893.075
20200706,002747.SZ,12.97,13.16,12.78,13.0,12.9,0.1,0.7752,241303.32,313084.24
20200703,002747.SZ,12.39,13.1,12.3,12.9,12.35,0.55,4.4534,218369.18,278710.53
20200702,002747.SZ,12.37,12.48,12.05,12.35,12.38,-0.03,-0.2423,164501.68,201440.634
20200701,002747.SZ,11.95,12.65,11.8,12.38,11.96,0.42,3.5117,228877.17,280866.551
20200630,002747.SZ,11.62,12.15,11.51,11.96,11.58,0.38,3.2815,192286.3,228599.446
20200629,002747.SZ,11.17,11.77,10.96,11.58,11.19,0.39,3.4853,207979.77,237171.977
20200624,002747.SZ,11.32,11.41,11.08,11.19,11.35,-0.16,-1.4097,124793.19,140215.789
20200623,002747.SZ,11.09,11.72,11.03,11.35,11.08,0.27,2.4368,223595.75,256107.121
20200622,002747.SZ,11.1,11.31,10.93,11.08,11.05,0.03,0.2715,145578.4,161746.863
20200619,002747.SZ,11.15,11.2,10.93,11.05,11.05,0.0,0.0,113959.89,125997.534
20200618,002747.SZ,11.22,11.39,11.0,11.05,11.33,-0.28,-2.4713,150478.58,168049.284
20200617,002747.SZ,11.4,11.69,11.1,11.33,10.96,0.37,3.3759,278214.1,313691.26
20200616,002747.SZ,10.09,10.96,10.05,10.96,9.96,1.0,10.0402,177673.09,188478.61
20200615,002747.SZ,10.24,10.37,9.95,9.96,10.24,-0.28,-2.7344,131237.86,133263.669
20200612,002747.SZ,10.2,10.38,10.09,10.24,10.41,-0.17,-1.633,80052.0,81944.184
20200611,002747.SZ,10.5,10.69,10.34,10.41,10.52,-0.11,-1.0456,73533.43,77291.533
20200610,002747.SZ,10.71,10.74,10.5,10.52,10.74,-0.22,-2.0484,55156.0,58237.469
20200609,002747.SZ,10.88,10.95,10.6,10.74,10.9,-0.16,-1.4679,107257.02,115350.037
20200608,002747.SZ,11.03,11.23,10.84,10.9,10.98,-0.08,-0.7286,118986.02,130820.131
20200605,002747.SZ,10.72,11.3,10.66,10.98,10.8,0.18,1.6667,151691.99,167690.705
20200604,002747.SZ,10.75,10.92,10.74,10.8,10.82,-0.02,-0.1848,77147.97,83411.199
20200603,002747.SZ,10.83,10.95,10.74,10.82,10.77,0.05,0.4643,120125.3,130335.838
20200602,002747.SZ,10.6,10.91,10.56,10.77,10.68,0.09,0.8427,151853.68,163035.632
20200601,002747.SZ,9.95,10.83,9.94,10.68,9.94,0.74,7.4447,209009.36,220700.314
20200529,002747.SZ,9.53,10.07,9.52,9.94,9.55,0.39,4.0838,151720.43,149678.32
20200528,002747.SZ,9.45,9.56,9.25,9.55,9.47,0.08,0.8448,77921.1,73298.028
20200527,002747.SZ,9.67,9.78,9.42,9.47,9.66,-0.19,-1.9669,70622.03,67425.082
20200526,002747.SZ,9.37,9.69,9.28,9.66,9.37,0.29,3.095,98835.0,93425.551
20200525,002747.SZ,9.55,9.55,9.27,9.37,9.53,-0.16,-1.6789,65015.05,60982.128
20200522,002747.SZ,9.75,9.87,9.45,9.53,9.8,-0.27,-2.7551,90944.55,87089.065
20200521,002747.SZ,10.18,10.2,9.79,9.8,10.15,-0.35,-3.4483,101647.1,101181.857
20200520,002747.SZ,10.26,10.4,10.07,10.15,10.25,-0.1,-0.9756,68203.19,69793.949
20200519,002747.SZ,10.13,10.33,10.05,10.25,10.02,0.23,2.2954,77755.82,79394.021
20200518,002747.SZ,10.56,10.56,10.02,10.02,10.55,-0.53,-5.0237,137420.31,140002.342
20200515,002747.SZ,10.5,10.66,10.47,10.55,10.54,0.01,0.0949,114287.03,120764.708
20200514,002747.SZ,10.55,10.65,10.35,10.54,10.52,0.02,0.1901,86194.65,90461.871
20200513,002747.SZ,10.57,10.6,10.41,10.52,10.57,-0.05,-0.473,72049.74,75772.453
20200512,002747.SZ,10.9,10.93,10.43,10.57,10.67,-0.1,-0.9372,97388.08,103405.581
20200511,002747.SZ,10.72,10.98,10.52,10.67,10.48,0.19,1.813,139413.99,149894.002
20200508,002747.SZ,10.6,10.87,10.41,10.48,10.51,-0.03,-0.2854,98431.92,103993.372
20200507,002747.SZ,10.63,10.85,10.45,10.51,10.57,-0.06,-0.5676,78669.76,83332.541
20200506,002747.SZ,10.27,10.63,10.18,10.57,10.39,0.18,1.7324,121253.36,126489.29
20200430,002747.SZ,9.53,10.48,9.5,10.39,9.53,0.86,9.0241,165782.55,170245.52
20200429,002747.SZ,9.46,9.65,9.32,9.53,9.44,0.09,0.9534,72422.83,68525.262
20200428,002747.SZ,10.2,10.38,9.3,9.44,10.33,-0.89,-8.6157,179275.56,171244.218
20200427,002747.SZ,10.51,10.6,10.3,10.33,10.52,-0.19,-1.8061,60296.47,62871.014
20200424,002747.SZ,10.65,10.87,10.45,10.52,10.7,-0.18,-1.6822,102521.32,109122.512
20200423,002747.SZ,10.7,10.97,10.56,10.7,10.67,0.03,0.2812,118086.58,127340.558
20200422,002747.SZ,10.19,10.76,10.07,10.67,10.2,0.47,4.6078,146049.6,152709.148
20200421,002747.SZ,10.07,10.23,10.0,10.2,10.16,0.04,0.3937,58749.58,59396.191
20200420,002747.SZ,9.88,10.18,9.85,10.16,9.91,0.25,2.5227,59757.28,60077.003
20200417,002747.SZ,10.02,10.21,9.87,9.91,9.98,-0.07,-0.7014,67694.83,67954.777
20200416,002747.SZ,9.73,10.02,9.62,9.98,9.74,0.24,2.4641,52436.37,51748.973
20200415,002747.SZ,9.9,9.96,9.71,9.74,9.86,-0.12,-1.217,43945.62,43320.631
20200414,002747.SZ,9.73,9.87,9.67,9.86,9.73,0.13,1.3361,43246.41,42285.525
20200413,002747.SZ,9.9,9.91,9.67,9.73,9.9,-0.17,-1.7172,32166.28,31309.582
20200410,002747.SZ,10.21,10.23,9.83,9.9,10.19,-0.29,-2.8459,46223.38,46130.183
20200409,002747.SZ,10.17,10.3,10.1,10.19,10.14,0.05,0.4931,56762.41,57888.19
20200408,002747.SZ,9.96,10.2,9.87,10.14,9.94,0.2,2.0121,79716.55,80250.408
20200407,002747.SZ,9.91,10.23,9.89,9.94,9.67,0.27,2.7921,97928.3,98111.971
20200403,002747.SZ,9.66,9.75,9.59,9.67,9.7,-0.03,-0.3093,61263.95,59222.794
20200402,002747.SZ,9.4,9.73,9.25,9.7,9.37,0.33,3.5219,71949.34,68294.55
20200401,002747.SZ,9.1,9.6,9.1,9.37,9.25,0.12,1.2973,89274.06,84062.122
20200331,002747.SZ,9.5,9.54,9.24,9.25,9.38,-0.13,-1.3859,67458.94,63157.5
20200330,002747.SZ,9.79,9.8,9.18,9.38,9.82,-0.44,-4.4807,88822.38,83246.784
20200327,002747.SZ,10.05,10.08,9.8,9.82,9.91,-0.09,-0.9082,77393.83,76818.142
20200326,002747.SZ,10.08,10.13,9.87,9.91,10.14,-0.23,-2.2682,76659.45,76576.658
20200325,002747.SZ,10.28,10.35,10.03,10.14,9.98,0.16,1.6032,121459.92,123579.117
20200324,002747.SZ,10.15,10.23,9.6,9.98,9.95,0.03,0.3015,116644.44,115815.412
20200323,002747.SZ,10.19,10.39,9.88,9.95,10.58,-0.63,-5.9546,99613.36,100398.032
20200320,002747.SZ,10.91,10.92,10.44,10.58,10.64,-0.06,-0.5639,89406.44,95189.09
20200319,002747.SZ,10.55,10.68,10.3,10.64,10.5,0.14,1.3333,108653.47,114220.189
20200318,002747.SZ,10.9,11.04,10.5,10.5,10.77,-0.27,-2.507,100909.08,108908.207
20200317,002747.SZ,10.71,10.87,10.19,10.77,10.52,0.25,2.3764,136512.86,144853.386
20200316,002747.SZ,11.37,11.55,10.43,10.52,11.33,-0.81,-7.1492,156916.38,172047.164
20200313,002747.SZ,11.03,11.54,11.01,11.33,11.68,-0.35,-2.9966,147005.71,165672.246
20200312,002747.SZ,11.74,11.96,11.47,11.68,11.91,-0.23,-1.9312,92982.11,108570.9
20200311,002747.SZ,11.99,12.15,11.77,11.91,11.9,0.01,0.084,136019.74,162630.718
20200310,002747.SZ,11.03,11.93,11.03,11.9,11.3,0.6,5.3097,167572.98,194332.312
20200309,002747.SZ,11.97,12.0,11.28,11.3,12.22,-0.92,-7.5286,155815.46,181281.542
20200306,002747.SZ,11.99,12.68,11.8,12.22,12.13,0.09,0.742,199924.92,243852.296
20200305,002747.SZ,12.05,12.26,11.8,12.13,11.94,0.19,1.5913,185882.12,224321.889
20200304,002747.SZ,11.54,12.06,11.35,11.94,11.56,0.38,3.2872,199894.21,234988.386
20200303,002747.SZ,11.6,11.99,11.39,11.56,11.47,0.09,0.7847,227088.51,265454.893
20200302,002747.SZ,11.18,11.69,10.78,11.47,11.1,0.37,3.3333,254984.6,287299.352
20200228,002747.SZ,11.78,12.02,11.1,11.1,12.33,-1.23,-9.9757,326656.5,372817.239
20200227,002747.SZ,12.39,12.55,12.08,12.33,12.15,0.18,1.4815,283414.74,349827.993
20200226,002747.SZ,12.61,12.83,11.97,12.15,12.95,-0.8,-6.1776,394706.65,491539.85
20200225,002747.SZ,13.17,13.45,12.56,12.95,13.53,-0.58,-4.2868,427094.39,554783.774
20200224,002747.SZ,13.3,13.62,13.08,13.53,13.15,0.38,2.8897,206334.56,277038.776
20200221,002747.SZ,13.44,13.87,13.03,13.15,13.61,-0.46,-3.3799,254587.72,340625.965
20200220,002747.SZ,13.46,13.75,13.19,13.61,13.52,0.09,0.6657,197563.81,265874.859
20200219,002747.SZ,12.82,14.03,12.6,13.52,12.82,0.7,5.4602,286537.16,383271.057
20200218,002747.SZ,12.85,12.92,12.58,12.82,12.81,0.01,0.0781,156361.54,199256.232
20200217,002747.SZ,12.51,12.84,12.38,12.81,12.57,0.24,1.9093,188023.75,237659.619
20200214,002747.SZ,12.41,12.79,12.32,12.57,12.66,-0.09,-0.7109,144414.66,180683.591
20200213,002747.SZ,12.29,13.2,12.18,12.66,12.19,0.47,3.8556,264140.73,337206.983
20200212,002747.SZ,11.93,12.32,11.9,12.19,12.03,0.16,1.33,180139.71,218717.738
20200211,002747.SZ,12.43,12.54,11.94,12.03,12.31,-0.28,-2.2746,197232.12,240087.746
20200210,002747.SZ,12.0,12.88,11.88,12.31,11.96,0.35,2.9264,234882.29,290718.238
20200207,002747.SZ,11.95,12.56,11.7,11.96,11.78,0.18,1.528,256251.44,308776.651
20200206,002747.SZ,10.7,11.78,10.5,11.78,10.71,1.07,9.9907,256243.34,289982.744
20200205,002747.SZ,10.45,10.88,10.3,10.71,10.59,0.12,1.1331,161618.16,171293.788
20200204,002747.SZ,9.64,10.67,9.53,10.59,9.7,0.89,9.1753,189291.61,191920.736
20200203,002747.SZ,9.7,9.84,9.7,9.7,10.78,-1.08,-10.0186,81077.56,78763.712
20200123,002747.SZ,11.54,11.59,10.5,10.78,11.62,-0.84,-7.2289,213356.49,232059.9
20200122,002747.SZ,11.67,11.84,11.0,11.62,11.88,-0.26,-2.1886,195031.2,222815.256
20200121,002747.SZ,11.9,12.16,11.76,11.88,11.88,0.0,0.0,90847.01,108418.376
20200120,002747.SZ,11.64,12.06,11.6,11.88,11.65,0.23,1.9742,81398.09,96327.891
20200117,002747.SZ,11.83,11.9,11.52,11.65,11.84,-0.19,-1.6047,78974.7,92696.62
20200116,002747.SZ,11.73,11.96,11.63,11.84,11.73,0.11,0.9378,71072.79,83983.817
20200115,002747.SZ,11.88,11.88,11.58,11.73,11.93,-0.2,-1.6764,81082.2,94838.296
20200114,002747.SZ,12.0,12.15,11.75,11.93,11.94,-0.01,-0.0838,82833.03,98709.606
20200113,002747.SZ,11.82,12.09,11.71,11.94,11.94,0.0,0.0,120355.39,143061.058
20200110,002747.SZ,12.26,12.3,11.74,11.94,12.2,-0.26,-2.1311,189932.45,227626.172
20200109,002747.SZ,11.24,12.2,11.23,12.2,11.09,1.11,10.009,204716.67,243318.704
20200108,002747.SZ,11.25,11.36,11.0,11.09,11.37,-0.28,-2.4626,96183.16,107562.563
20200107,002747.SZ,11.07,11.39,10.98,11.37,11.07,0.3,2.71,154765.09,173100.122
20200106,002747.SZ,11.11,11.23,10.92,11.07,11.27,-0.2,-1.7746,159696.02,176331.575
20200103,002747.SZ,11.36,11.48,11.21,11.27,11.29,-0.02,-0.1771,51916.83,58771.7
20200102,002747.SZ,11.29,11.48,11.25,11.29,11.26,0.03,0.2664,77374.66,87830.416
20200729,603288.SH,145.14,148.8,143.79,148.6,146.19,2.41,1.6485,54572.25,798579.731
20200728,603288.SH,145.9,152.0,145.0,146.19,144.99,1.2,0.8276,77218.48,1141693.51
20200727,603288.SH,138.43,145.42,136.83,144.99,137.07,7.92,5.7781,72742.6,1037050.82
20200724,603288.SH,140.7,140.97,136.25,137.07,140.7,-3.63,-2.58,64806.8,896881.888
20200723,603288.SH,134.99,142.43,134.0,140.7,135.88,4.82,3.5472,82828.48,1156858.738
20200722,603288.SH,134.18,136.87,133.1,135.88,135.54,0.34,0.2508,53841.98,729364.01
20200721,603288.SH,132.0,135.99,130.24,135.54,130.95,4.59,3.5052,59911.7,806762.766
20200720,603288.SH,131.45,132.97,128.4,130.95,130.1,0.85,0.6533,46782.34,611273.935
20200717,603288.SH,127.0,131.31,127.0,130.1,127.0,3.1,2.4409,53468.21,692144.968
20200716,603288.SH,133.8,133.8,126.0,127.0,134.16,-7.16,-5.3369,86302.76,1115289.24
20200715,603288.SH,131.2,135.75,130.02,134.16,130.6,3.56,2.7259,79041.38,1052996.487
20200714,603288.SH,131.34,132.35,128.7,130.6,131.37,-0.77,-0.5861,51249.03,669211.267
20200713,603288.SH,130.0,132.48,129.38,131.37,130.24,1.13,0.8676,60639.27,797623.555
20200710,603288.SH,127.77,132.4,127.5,130.24,128.64,1.6,1.2438,60832.8,793420.997
20200709,603288.SH,127.77,129.08,126.6,128.64,127.77,0.87,0.6809,51845.63,662460.07
20200708,603288.SH,129.1,129.86,126.6,127.77,128.05,-0.28,-0.2187,63822.19,814191.193
20200707,603288.SH,124.45,131.77,124.01,128.05,124.44,3.61,2.901,108624.68,1393183.715
20200706,603288.SH,123.55,125.5,123.33,124.44,124.35,0.09,0.0724,82996.0,1031734.27
20200703,603288.SH,124.01,124.77,122.8,124.35,124.0,0.35,0.2823,51844.65,642209.904
20200702,603288.SH,127.5,127.98,123.0,124.0,125.0,-1.0,-0.8,90276.82,1128277.402
20200701,603288.SH,124.0,125.29,122.99,125.0,124.4,0.6,0.4823,42430.3,527650.641
20200630,603288.SH,124.64,124.78,122.86,124.4,124.65,-0.25,-0.2006,37871.06,468710.066
20200629,603288.SH,123.79,125.3,122.62,124.65,123.8,0.85,0.6866,50701.97,628353.233
20200624,603288.SH,121.9,124.0,121.0,123.8,121.3,2.5,2.061,55898.73,686368.486
20200623,603288.SH,118.15,121.34,117.81,121.3,117.89,3.41,2.8925,65239.66,783362.708
20200622,603288.SH,119.5,119.87,117.22,117.89,119.39,-1.5,-1.2564,47540.56,561091.361
20200619,603288.SH,117.0,120.5,116.82,119.39,116.63,2.76,2.3665,72058.18,859236.308
20200618,603288.SH,116.3,116.88,115.06,116.63,115.85,0.78,0.6733,40049.71,465653.003
20200617,603288.SH,117.0,117.0,113.52,115.85,116.22,-0.37,-0.3184,56720.06,650943.201
20200616,603288.SH,115.25,116.92,114.27,116.22,114.01,2.21,1.9384,62025.89,718722.602
20200615,603288.SH,114.17,115.87,113.5,114.01,115.1,-1.09,-0.947,38040.7,434969.752
20200612,603288.SH,112.6,115.1,112.4,115.1,113.67,1.43,1.258,45918.75,523448.646
20200611,603288.SH,113.79,115.3,113.25,113.67,114.12,-0.45,-0.3943,43782.23,500380.046
20200610,603288.SH,114.49,115.47,113.71,114.12,113.87,0.25,0.2195,42421.71,486209.958
20200609,603288.SH,113.23,114.39,112.0,113.87,113.2,0.67,0.5919,40948.54,464845.034
20200608,603288.SH,115.45,115.8,113.01,113.2,115.37,-2.17,-1.8809,61415.38,698876.987
20200605,603288.SH,115.0,116.0,113.33,115.37,114.54,0.83,0.7246,50183.55,578144.054
20200604,603288.SH,114.0,115.11,113.0,114.54,114.34,0.2,0.1749,44464.44,507674.112
20200603,603288.SH,114.6,116.15,114.0,114.34,114.84,-0.5,-0.4354,35750.56,409924.74
20200602,603288.SH,116.71,116.9,114.28,114.84,116.44,-1.6,-1.3741,49592.79,568861.675
20200601,603288.SH,116.5,117.41,114.31,116.44,114.9,1.54,1.3403,59281.59,685855.636
20200529,603288.SH,113.92,115.68,113.01,114.9,113.66,1.24,1.091,43587.15,500498.383
20200528,603288.SH,114.36,114.94,112.5,113.66,114.35,-0.69,-0.6034,33836.81,384952.285
20200527,603288.SH,116.01,116.36,113.01,114.35,116.41,-2.06,-1.7696,45390.75,517777.648
20200526,603288.SH,115.9,117.25,114.18,116.41,115.98,0.43,0.3708,35575.8,412980.636
20200525,603288.SH,114.56,116.6,111.3,115.98,113.32,2.66,2.3473,52249.45,599895.995
20200522,603288.SH,116.94,116.99,112.5,113.32,118.09,-4.77,-4.0393,56629.65,645449.485
20200521,603288.SH,114.46,119.95,114.19,118.09,114.18,3.91,3.4244,70772.44,833226.124
20200520,603288.SH,114.2,115.0,113.06,114.18,114.19,-0.01,-0.0088,36152.26,412105.873
20200519,603288.SH,113.72,115.22,111.7,114.19,112.8,1.39,1.2323,57444.33,653586.478
20200518,603288.SH,110.22,113.1,109.3,112.8,110.4,2.4,2.1739,53350.15,598932.029
20200515,603288.SH,111.51,111.76,109.2,110.4,110.32,0.08,0.0725,35264.82,388733.89
20200514,603288.SH,113.5,113.5,110.15,110.32,113.18,-2.86,-2.5269,57592.07,638829.732
20200513,603288.SH,112.0,114.06,110.52,113.18,112.47,0.71,0.6313,63576.44,714226.086
20200512,603288.SH,108.57,113.65,107.8,112.47,107.34,5.13,4.7792,93675.75,1045697.287
20200511,603288.SH,108.8,112.53,107.02,107.34,108.72,-1.38,-1.2693,68153.43,742007.127
20200508,603288.SH,107.6,109.95,105.88,108.72,107.71,1.01,0.9377,69303.89,748783.624
20200507,603288.SH,106.14,108.27,105.0,107.71,105.09,2.62,2.4931,71140.0,762478.245
20200506,603288.SH,121.41,127.23,121.05,127.19,122.93,4.26,3.4654,71059.43,886855.567
20200430,603288.SH,126.0,126.0,121.8,122.93,126.49,-3.56,-2.8145,55127.07,679875.616
20200429,603288.SH,127.85,127.99,124.01,126.49,127.8,-1.31,-1.025,35837.32,450528.673
20200428,603288.SH,125.61,129.52,124.73,127.8,125.65,2.15,1.7111,61796.64,786163.625
20200427,603288.SH,128.78,130.0,123.3,125.65,127.08,-1.43,-1.1253,64980.75,817674.031
20200424,603288.SH,126.0,127.5,124.21,127.08,125.85,1.23,0.9774,35804.43,452329.054
20200423,603288.SH,126.55,128.98,124.9,125.85,126.42,-0.57,-0.4509,50757.22,641787.881
20200422,603288.SH,125.22,128.23,124.5,126.42,124.99,1.43,1.1441,44204.97,558495.699
20200421,603288.SH,124.35,125.98,124.35,124.99,125.26,-0.27,-0.2156,23650.29,295471.208
20200420,603288.SH,126.9,126.9,124.36,125.26,125.95,-0.69,-0.5478,36292.53,453607.693
20200417,603288.SH,126.5,128.36,125.43,125.95,125.32,0.63,0.5027,36734.49,467050.594
20200416,603288.SH,125.07,127.55,124.9,125.32,124.9,0.42,0.3363,31494.88,395688.06
20200415,603288.SH,129.5,129.5,124.05,124.9,128.5,-3.6,-2.8016,46449.99,585349.789
20200414,603288.SH,126.0,128.86,125.01,128.5,126.85,1.65,1.3007,46608.32,592663.658
20200413,603288.SH,126.7,126.98,123.6,126.85,126.8,0.05,0.0394,20950.42,262586.068
20200410,603288.SH,127.43,128.91,125.87,126.8,127.48,-0.68,-0.5334,23250.83,295768.698
20200409,603288.SH,127.3,128.2,124.8,127.48,127.3,0.18,0.1414,25370.45,321831.243
20200408,603288.SH,131.0,132.0,125.7,127.3,133.85,-6.55,-4.8935,57597.03,735809.495
20200407,603288.SH,130.0,135.88,128.61,133.85,127.9,5.95,4.6521,79490.82,1049888.679
20200403,603288.SH,125.0,130.0,123.3,127.9,124.38,3.52,2.83,76330.71,968957.511
20200402,603288.SH,119.0,124.57,119.0,124.38,121.8,2.58,2.1182,75540.54,918646.246
20200401,603288.SH,125.74,125.74,118.4,121.8,125.17,-3.37,-2.6923,95124.64,1146877.039
20200331,603288.SH,116.0,125.17,115.0,125.17,113.79,11.38,10.0009,94435.99,1143524.901
20200330,603288.SH,114.0,116.98,113.11,113.79,115.13,-1.34,-1.1639,61608.85,706733.344
20200327,603288.SH,112.75,116.79,112.23,115.13,112.0,3.13,2.7946,56420.56,648407.233
20200326,603288.SH,106.0,113.5,105.88,112.0,104.11,7.89,7.5785,97528.98,1070700.293
20200325,603288.SH,105.33,107.6,103.68,104.11,104.02,0.09,0.0865,35755.4,376412.87
20200324,603288.SH,102.38,105.55,102.23,104.02,102.38,1.64,1.6019,52584.64,547559.524
20200323,603288.SH,97.4,104.38,97.22,102.38,100.04,2.34,2.3391,73089.6,737689.005
20200320,603288.SH,92.47,101.38,92.47,100.04,93.4,6.64,7.1092,86769.57,844760.76
20200319,603288.SH,95.5,97.99,92.18,93.4,97.0,-3.6,-3.7113,75266.02,708672.515
20200318,603288.SH,96.98,99.35,96.0,97.0,97.0,0.0,0.0,62069.81,608808.95
20200317,603288.SH,98.0,98.9,92.58,97.0,98.0,-1.0,-1.0204,80724.36,773597.552
20200316,603288.SH,98.11,100.97,97.2,98.0,100.98,-2.98,-2.9511,57726.22,570032.586
20200313,603288.SH,99.62,101.65,97.37,100.98,102.66,-1.68,-1.6365,55563.0,553536.997
20200312,603288.SH,104.5,104.94,102.11,102.66,105.58,-2.92,-2.7657,36883.71,378837.621
20200311,603288.SH,104.85,107.34,104.32,105.58,104.32,1.26,1.2078,50849.68,537835.446
20200310,603288.SH,101.18,105.0,101.18,104.32,101.9,2.42,2.3749,46066.94,476205.286
20200309,603288.SH,103.66,104.52,101.9,101.9,105.69,-3.79,-3.586,49081.18,503466.989
20200306,603288.SH,105.24,106.3,105.0,105.69,106.41,-0.72,-0.6766,25678.64,270705.478
20200305,603288.SH,105.0,108.18,103.68,106.41,104.1,2.31,2.219,70267.65,744331.886
20200304,603288.SH,103.74,105.13,101.85,104.1,103.75,0.35,0.3373,34295.09,356531.26
20200303,603288.SH,103.0,105.17,102.2,103.75,101.95,1.8,1.7656,42389.43,438763.404
20200302,603288.SH,99.81,102.95,99.81,101.95,99.58,2.37,2.38,45983.49,468784.999
20200228,603288.SH,98.54,102.44,98.54,99.58,102.45,-2.87,-2.8014,43809.13,438840.158
20200227,603288.SH,101.0,103.17,100.98,102.45,100.84,1.61,1.5966,43962.22,450036.443
20200226,603288.SH,101.3,102.38,100.19,100.84,102.17,-1.33,-1.3018,43036.63,436248.132
20200225,603288.SH,102.87,104.5,101.11,102.17,103.94,-1.77,-1.7029,44644.52,457449.511
20200224,603288.SH,104.03,104.87,103.21,103.94,104.87,-0.93,-0.8868,48366.56,503301.164
20200221,603288.SH,105.21,105.88,104.28,104.87,105.88,-1.01,-0.9539,31952.17,334703.507
20200220,603288.SH,104.0,106.38,103.4,105.88,103.84,2.04,1.9646,47228.15,498134.688
20200219,603288.SH,103.0,104.45,102.9,103.84,103.38,0.46,0.445,31246.5,324778.642
20200218,603288.SH,104.9,105.29,102.87,103.38,105.37,-1.99,-1.8886,49676.82,514002.851
20200217,603288.SH,105.15,106.19,104.5,105.37,104.7,0.67,0.6399,26878.0,283022.689
20200214,603288.SH,104.89,105.93,104.08,104.7,104.7,0.0,0.0,22814.55,239519.343
20200213,603288.SH,107.0,107.37,104.5,104.7,107.08,-2.38,-2.2226,33183.2,349478.085
20200212,603288.SH,106.3,108.29,106.3,107.08,107.0,0.08,0.0748,29767.54,318543.203
20200211,603288.SH,105.0,107.03,105.0,107.0,105.8,1.2,1.1342,35313.92,375073.575
20200210,603288.SH,105.6,106.57,105.1,105.8,106.5,-0.7,-0.6573,28737.97,304402.656
20200207,603288.SH,104.58,107.08,103.48,106.5,105.25,1.25,1.1876,36723.57,385546.26
20200206,603288.SH,104.17,106.3,102.5,105.25,104.0,1.25,1.2019,48135.25,504796.299
20200205,603288.SH,102.68,104.2,100.7,104.0,102.68,1.32,1.2855,47074.85,481037.932
20200204,603288.SH,102.5,104.04,100.8,102.68,101.83,0.85,0.8347,59751.65,610398.849
20200203,603288.SH,96.49,102.04,96.49,101.83,107.21,-5.38,-5.0182,84424.04,838318.029
20200123,603288.SH,109.95,109.95,106.02,107.21,109.74,-2.53,-2.3054,46158.31,496066.13
20200122,603288.SH,111.6,111.6,109.02,109.74,111.95,-2.21,-1.9741,39103.6,428874.296
20200121,603288.SH,111.3,112.7,109.0,111.95,112.05,-0.1,-0.0892,42660.84,474806.222
20200120,603288.SH,110.08,112.45,108.76,112.05,109.86,2.19,1.9934,42974.92,478950.689
20200117,603288.SH,108.48,109.94,107.27,109.86,108.49,1.37,1.2628,38986.25,425364.039
20200116,603288.SH,108.0,108.51,106.17,108.49,107.37,1.12,1.0431,32623.37,350442.761
20200115,603288.SH,105.9,107.89,105.5,107.37,105.9,1.47,1.3881,31287.76,334933.935
20200114,603288.SH,108.88,109.5,105.8,105.9,108.3,-2.4,-2.2161,39365.89,420855.325
20200113,603288.SH,108.76,108.94,107.4,108.3,107.96,0.34,0.3149,26702.57,288812.722
20200110,603288.SH,108.3,108.66,107.0,107.96,107.79,0.17,0.1577,21766.19,234674.772
20200109,603288.SH,106.45,108.0,106.45,107.79,106.17,1.62,1.5259,35130.86,377460.716
20200108,603288.SH,106.0,106.73,105.02,106.17,106.0,0.17,0.1604,25883.1,274000.681
20200107,603288.SH,103.83,106.0,103.83,106.0,103.62,2.38,2.2969,40213.7,423924.757
20200106,603288.SH,104.72,104.98,103.31,103.62,105.41,-1.79,-1.6981,50322.18,524145.305
20200103,603288.SH,108.5,108.6,104.0,105.41,108.0,-2.59,-2.3981,58963.77,623049.159
20200102,603288.SH,107.75,109.91,107.58,108.0,107.51,0.49,0.4558,40725.22,442407.988
20200729,002660.SZ,8.73,8.93,8.61,8.92,8.72,0.2,2.2936,63362.62,55703.31
20200728,002660.SZ,8.73,8.76,8.61,8.72,8.64,0.08,0.9259,42190.76,36687.481
20200727,002660.SZ,8.8,8.85,8.51,8.64,8.8,-0.16,-1.8182,61405.74,53229.802
20200724,002660.SZ,9.13,9.19,8.72,8.8,9.14,-0.34,-3.7199,82550.62,74058.606
20200723,002660.SZ,9.3,9.33,8.9,9.14,9.39,-0.25,-2.6624,104026.37,94870.03
20200722,002660.SZ,9.45,9.45,9.24,9.39,9.55,-0.16,-1.6754,123335.92,115340.074
20200721,002660.SZ,9.64,9.68,9.43,9.55,9.67,-0.12,-1.241,79499.17,76035.845
20200720,002660.SZ,9.42,9.72,9.42,9.67,9.42,0.25,2.6539,90421.78,86504.002
20200717,002660.SZ,9.22,9.42,9.17,9.42,9.23,0.19,2.0585,66025.59,61378.138
20200716,002660.SZ,9.63,9.7,9.12,9.23,9.59,-0.36,-3.7539,99777.5,94482.58
20200715,002660.SZ,9.92,9.93,9.55,9.59,9.95,-0.36,-3.6181,122166.7,118566.497
20200714,002660.SZ,10.01,10.01,9.63,9.95,9.98,-0.03,-0.3006,194026.7,190091.791
20200713,002660.SZ,9.34,10.15,9.34,9.98,9.3,0.68,7.3118,238799.63,232875.71
20200710,002660.SZ,9.48,9.6,9.27,9.3,9.56,-0.26,-2.7197,145443.12,137327.918
20200709,002660.SZ,9.29,9.56,9.27,9.56,9.34,0.22,2.3555,176658.69,166216.617
20200708,002660.SZ,9.2,9.37,9.12,9.34,9.22,0.12,1.3015,134123.3,124478.084
20200707,002660.SZ,9.19,9.43,9.06,9.22,9.22,0.0,0.0,201854.15,186605.06
20200706,002660.SZ,9.06,9.36,9.03,9.22,9.03,0.19,2.1041,195591.69,180195.556
20200703,002660.SZ,8.91,9.05,8.81,9.03,8.92,0.11,1.2332,116401.74,103899.166
20200702,002660.SZ,8.96,8.99,8.78,8.92,8.9,0.02,0.2247,118484.52,105088.607
20200701,002660.SZ,8.75,8.95,8.66,8.9,8.68,0.22,2.5346,99168.74,87832.805
20200630,002660.SZ,8.54,8.69,8.5,8.68,8.47,0.21,2.4793,46586.21,40176.052
20200629,002660.SZ,8.71,8.74,8.44,8.47,8.74,-0.27,-3.0892,57413.0,49049.545
20200624,002660.SZ,8.81,8.84,8.73,8.74,8.83,-0.09,-1.0193,40843.0,35779.312
20200623,002660.SZ,8.88,8.88,8.74,8.83,8.89,-0.06,-0.6749,61655.01,54298.124
20200622,002660.SZ,8.77,8.91,8.76,8.89,8.83,0.06,0.6795,63647.01,56208.118
20200619,002660.SZ,8.85,8.97,8.76,8.83,8.85,-0.02,-0.226,58528.0,51712.504
20200618,002660.SZ,8.77,8.88,8.71,8.85,8.77,0.08,0.9122,60374.18,53249.271
20200617,002660.SZ,8.65,8.79,8.55,8.77,8.65,0.12,1.3873,66496.22,57822.402
20200616,002660.SZ,8.57,8.67,8.55,8.65,8.52,0.13,1.5258,43321.0,37257.771
20200615,002660.SZ,8.63,8.73,8.5,8.52,8.69,-0.17,-1.9563,53817.52,46360.785
20200612,002660.SZ,8.52,8.77,8.4,8.69,8.71,-0.02,-0.2296,50065.0,43157.924
20200611,002660.SZ,8.83,8.86,8.64,8.71,8.8,-0.09,-1.0227,62119.0,54356.742
20200610,002660.SZ,8.82,8.99,8.74,8.8,8.82,-0.02,-0.2268,58796.74,51982.59
20200609,002660.SZ,8.89,8.89,8.73,8.82,8.9,-0.08,-0.8989,65895.0,57985.922
20200608,002660.SZ,8.62,9.0,8.62,8.9,8.6,0.3,3.4884,106145.0,93646.775
20200605,002660.SZ,8.7,8.7,8.51,8.6,8.67,-0.07,-0.8074,57201.0,49078.5
20200604,002660.SZ,8.84,8.91,8.64,8.67,8.8,-0.13,-1.4773,91248.31,79667.144
20200603,002660.SZ,8.95,8.99,8.78,8.8,8.92,-0.12,-1.3453,75305.0,66809.546
20200602,002660.SZ,8.83,9.08,8.72,8.92,8.78,0.14,1.5945,109557.0,97822.187
20200601,002660.SZ,8.53,8.84,8.53,8.78,8.53,0.25,2.9308,82494.94,72045.672
20200529,002660.SZ,8.47,8.65,8.37,8.53,8.51,0.02,0.235,49782.7,42456.666
20200528,002660.SZ,8.66,8.67,8.36,8.51,8.62,-0.11,-1.2761,89323.7,76052.352
20200527,002660.SZ,8.8,8.8,8.51,8.62,8.95,-0.33,-3.6872,131905.0,113936.742
20200526,002660.SZ,9.28,9.3,8.25,8.95,9.14,-0.19,-2.0788,238697.14,207417.821
20200525,002660.SZ,9.3,9.36,9.1,9.14,9.37,-0.23,-2.4546,34038.07,31304.942
20200522,002660.SZ,9.5,9.64,9.32,9.37,9.5,-0.13,-1.3684,41745.0,39480.931
20200521,002660.SZ,9.5,9.57,9.42,9.5,9.52,-0.02,-0.2101,46588.92,44241.492
20200520,002660.SZ,9.6,9.67,9.42,9.52,9.65,-0.13,-1.3472,60922.98,58106.564
20200519,002660.SZ,9.28,9.65,9.28,9.65,9.28,0.37,3.9871,110988.07,105362.676
20200518,002660.SZ,9.23,9.32,8.94,9.28,9.2,0.08,0.8696,73988.5,67767.626
20200515,002660.SZ,9.38,9.42,9.13,9.2,9.36,-0.16,-1.7094,85129.51,78689.991
20200514,002660.SZ,9.51,9.59,9.34,9.36,9.6,-0.24,-2.5,92788.5,87494.071
20200513,002660.SZ,9.68,9.72,9.57,9.6,9.84,-0.24,-2.439,98030.61,94404.539
20200512,002660.SZ,9.68,9.85,9.45,9.84,9.78,0.06,0.6135,97165.09,93550.04
20200511,002660.SZ,9.99,9.99,9.65,9.78,10.0,-0.22,-2.2,118994.17,116712.229
20200508,002660.SZ,9.86,10.01,9.67,10.0,9.94,0.06,0.6036,169595.9,166619.354
20200507,002660.SZ,11.1,11.14,9.93,9.94,11.03,-1.09,-9.8821,423902.93,437089.643
20200506,002660.SZ,10.61,11.1,10.5,11.03,10.63,0.4,3.7629,132545.5,144855.957
20200430,002660.SZ,10.15,10.79,10.12,10.63,10.17,0.46,4.5231,74840.1,78556.348
20200429,002660.SZ,10.46,10.59,10.08,10.17,10.46,-0.29,-2.7725,79571.0,81622.935
20200428,002660.SZ,10.1,10.78,9.48,10.46,9.99,0.47,4.7047,175798.34,181080.696
20200427,002660.SZ,11.08,11.08,9.93,9.99,11.02,-1.03,-9.3466,185588.5,194214.465
20200424,002660.SZ,10.88,11.39,10.85,11.02,10.91,0.11,1.0082,114378.6,127225.52
20200423,002660.SZ,11.4,11.57,10.88,10.91,11.51,-0.6,-5.2129,173655.15,194496.443
20200422,002660.SZ,11.04,11.65,10.97,11.51,11.22,0.29,2.5847,179167.51,205355.692
20200421,002660.SZ,11.14,11.36,10.91,11.22,11.16,0.06,0.5376,119693.89,133186.045
20200420,002660.SZ,10.85,11.28,10.85,11.16,10.86,0.3,2.7624,142034.03,158066.095
20200417,002660.SZ,10.5,11.19,10.37,10.86,10.57,0.29,2.7436,160367.15,173009.605
20200416,002660.SZ,10.5,10.76,10.15,10.57,10.45,0.12,1.1483,91055.85,96136.626
20200415,002660.SZ,10.84,10.84,10.34,10.45,10.86,-0.41,-3.7753,99902.01,105669.207
20200414,002660.SZ,10.94,11.0,10.52,10.86,10.87,-0.01,-0.092,125098.67,134406.788
20200413,002660.SZ,10.25,11.0,9.98,10.87,10.58,0.29,2.741,166209.78,175892.059
20200410,002660.SZ,10.95,11.47,10.55,10.58,10.91,-0.33,-3.0247,217375.88,237514.623
20200409,002660.SZ,10.86,11.02,10.61,10.91,11.0,-0.09,-0.8182,184115.31,198723.841
20200408,002660.SZ,10.28,11.11,10.25,11.0,10.46,0.54,5.1625,252962.6,270028.53
20200407,002660.SZ,10.12,10.57,10.05,10.46,9.95,0.51,5.1256,179765.58,186255.179
20200403,002660.SZ,10.26,10.3,9.89,9.95,10.43,-0.48,-4.6021,162846.7,164305.709
20200402,002660.SZ,10.07,10.45,9.88,10.43,10.22,0.21,2.0548,213745.64,217892.317
20200401,002660.SZ,9.72,10.7,9.67,10.22,9.8,0.42,4.2857,251359.66,257449.406
20200331,002660.SZ,10.07,10.07,9.6,9.8,10.03,-0.23,-2.2931,187131.64,183156.201
20200330,002660.SZ,9.66,10.23,9.47,10.03,9.71,0.32,3.2956,223853.14,220831.991
20200327,002660.SZ,9.95,9.99,9.51,9.71,10.07,-0.36,-3.575,218563.24,211789.61
20200326,002660.SZ,9.69,10.36,9.41,10.07,9.69,0.38,3.9216,315198.3,308017.806
20200325,002660.SZ,9.04,9.69,8.9,9.69,8.81,0.88,9.9886,320644.08,306849.646
20200324,002660.SZ,8.92,9.04,8.45,8.81,8.78,0.03,0.3417,77296.38,67686.456
20200323,002660.SZ,9.13,9.28,8.73,8.78,9.41,-0.63,-6.695,95827.0,86138.701
20200320,002660.SZ,9.38,9.63,9.15,9.41,9.35,0.06,0.6417,91870.76,86017.233
20200319,002660.SZ,9.27,9.45,9.01,9.35,9.14,0.21,2.2976,145476.78,134641.894
20200318,002660.SZ,8.75,9.48,8.75,9.14,8.62,0.52,6.0325,210199.43,194366.802
20200317,002660.SZ,9.06,9.3,8.11,8.62,8.98,-0.36,-4.0089,121784.97,105309.216
20200316,002660.SZ,10.08,10.12,8.98,8.98,9.98,-1.0,-10.02,205945.13,194905.755
20200313,002660.SZ,9.02,10.05,9.01,9.98,9.55,0.43,4.5026,189984.52,182909.663
20200312,002660.SZ,9.26,9.68,9.23,9.55,9.51,0.04,0.4206,106417.6,100371.116
20200311,002660.SZ,9.82,9.86,9.48,9.51,9.64,-0.13,-1.3485,129517.91,124891.276
20200310,002660.SZ,9.05,9.67,9.05,9.64,9.17,0.47,5.1254,139862.07,131782.44
20200309,002660.SZ,9.8,10.08,9.15,9.17,9.85,-0.68,-6.9036,163627.0,155335.126
20200306,002660.SZ,9.6,10.05,9.53,9.85,9.79,0.06,0.6129,135871.65,134360.338
20200305,002660.SZ,9.43,10.07,9.36,9.79,9.31,0.48,5.1557,196517.9,191047.112
20200304,002660.SZ,9.24,9.38,9.06,9.31,9.29,0.02,0.2153,65081.0,60007.836
20200303,002660.SZ,9.34,9.5,9.16,9.29,9.15,0.14,1.5301,97002.0,90590.754
20200302,002660.SZ,8.8,9.28,8.79,9.15,8.69,0.46,5.2934,74342.39,67289.742
20200228,002660.SZ,9.0,9.16,8.65,8.69,9.36,-0.67,-7.1581,111805.01,99399.671
20200227,002660.SZ,9.37,9.41,9.14,9.36,9.25,0.11,1.1892,88278.01,82072.658
20200226,002660.SZ,9.27,9.65,9.2,9.25,9.47,-0.22,-2.3231,132938.65,124715.186
20200225,002660.SZ,9.28,9.53,8.95,9.47,9.58,-0.11,-1.1482,142723.36,133201.953
20200224,002660.SZ,9.48,9.68,9.3,9.58,9.47,0.11,1.1616,165362.25,157642.815
20200221,002660.SZ,9.07,9.66,8.98,9.47,9.01,0.46,5.1054,188013.26,176860.88
20200220,002660.SZ,8.88,9.08,8.73,9.01,8.79,0.22,2.5028,111483.0,99590.698
20200219,002660.SZ,8.82,9.04,8.75,8.79,8.89,-0.1,-1.1249,113896.47,100963.991
20200218,002660.SZ,8.73,8.95,8.6,8.89,8.68,0.21,2.4194,120834.96,106109.088
20200217,002660.SZ,8.38,8.68,8.36,8.68,8.39,0.29,3.4565,75018.0,64377.212
20200214,002660.SZ,8.25,8.43,8.19,8.39,8.33,0.06,0.7203,80382.42,67075.946
20200213,002660.SZ,8.38,8.68,8.3,8.33,8.36,-0.03,-0.3589,85887.76,72545.698
20200212,002660.SZ,8.15,8.45,8.1,8.36,8.15,0.21,2.5767,76544.7,63601.667
20200211,002660.SZ,8.18,8.25,8.05,8.15,8.18,-0.03,-0.3667,66437.45,54178.01
20200210,002660.SZ,7.9,8.22,7.86,8.18,7.97,0.21,2.6349,73263.56,59214.956
20200207,002660.SZ,7.84,8.03,7.75,7.97,7.88,0.09,1.1421,73541.16,57934.45
20200206,002660.SZ,7.6,7.9,7.59,7.88,7.68,0.2,2.6042,92846.28,72055.257
20200205,002660.SZ,7.4,7.84,7.32,7.68,7.37,0.31,4.2062,107798.92,82085.687
20200204,002660.SZ,7.15,7.57,7.15,7.37,7.94,-0.57,-7.1788,154079.17,113527.196
20200203,002660.SZ,7.94,7.94,7.94,7.94,8.82,-0.88,-9.9773,3248.0,2578.912
20200123,002660.SZ,9.32,9.42,8.65,8.82,9.38,-0.56,-5.9701,108702.64,97673.638
20200122,002660.SZ,9.62,9.62,9.31,9.38,9.47,-0.09,-0.9504,85526.44,80521.385
20200121,002660.SZ,9.48,9.86,9.3,9.47,9.44,0.03,0.3178,115942.21,110831.806
20200120,002660.SZ,9.57,9.57,9.17,9.44,9.58,-0.14,-1.4614,96107.59,89681.241
20200117,002660.SZ,9.52,9.75,9.52,9.58,9.54,0.04,0.4193,99932.26,96119.64
20200116,002660.SZ,9.7,9.75,9.49,9.54,9.65,-0.11,-1.1399,89791.28,86234.619
20200115,002660.SZ,9.58,9.77,9.53,9.65,9.58,0.07,0.7307,90479.77,87316.704
20200114,002660.SZ,9.44,9.6,9.43,9.58,9.49,0.09,0.9484,94698.81,89970.818
20200113,002660.SZ,9.45,9.6,9.42,9.49,9.45,0.04,0.4233,93067.77,88432.424
20200110,002660.SZ,9.58,9.68,9.37,9.45,9.63,-0.18,-1.8692,111232.23,105464.058
20200109,002660.SZ,9.54,9.65,9.37,9.63,9.43,0.2,2.1209,170923.38,162963.334
20200108,002660.SZ,9.2,9.74,9.11,9.43,9.25,0.18,1.9459,209118.43,196190.989
20200107,002660.SZ,9.1,9.29,9.1,9.25,9.1,0.15,1.6484,119248.88,109812.431
20200106,002660.SZ,8.82,9.18,8.82,9.1,8.92,0.18,2.0179,141182.18,127321.875
20200103,002660.SZ,8.87,8.93,8.74,8.92,8.91,0.01,0.1122,92711.84,82148.91
20200102,002660.SZ,8.81,8.93,8.81,8.91,8.77,0.14,1.5964,107782.16,95686.697
20200729,002350.SZ,5.36,5.46,5.28,5.45,5.37,0.08,1.4898,42830.66,23080.964
20200728,002350.SZ,5.35,5.42,5.31,5.37,5.35,0.02,0.3738,37933.56,20376.337
20200727,002350.SZ,5.32,5.42,5.26,5.35,5.31,0.04,0.7533,35949.53,19174.805
20200724,002350.SZ,5.47,5.54,5.31,5.31,5.49,-0.18,-3.2787,57973.46,31432.824
20200723,002350.SZ,5.48,5.49,5.32,5.49,5.51,-0.02,-0.363,57060.82,30938.142
20200722,002350.SZ,5.48,5.54,5.44,5.51,5.5,0.01,0.1818,49145.66,27078.577
20200721,002350.SZ,5.46,5.55,5.43,5.5,5.43,0.07,1.2891,56019.2,30674.133
20200720,002350.SZ,5.31,5.47,5.3,5.43,5.27,0.16,3.0361,48033.63,25856.039
20200717,002350.SZ,5.38,5.41,5.23,5.27,5.37,-0.1,-1.8622,53646.54,28390.846
20200716,002350.SZ,5.57,5.62,5.33,5.37,5.59,-0.22,-3.9356,73054.31,40000.315
20200715,002350.SZ,5.74,5.75,5.51,5.59,5.71,-0.12,-2.1016,79173.03,44460.553
20200714,002350.SZ,5.72,5.8,5.58,5.71,5.73,-0.02,-0.349,111831.0,63394.296
20200713,002350.SZ,5.57,5.73,5.55,5.73,5.56,0.17,3.0576,123024.1,69763.373
20200710,002350.SZ,5.74,5.74,5.56,5.56,5.74,-0.18,-3.1359,135707.84,76450.257
20200709,002350.SZ,5.68,5.77,5.61,5.74,5.66,0.08,1.4134,148688.68,84883.122
20200708,002350.SZ,5.55,5.66,5.53,5.66,5.6,0.06,1.0714,149852.01,84182.065
20200707,002350.SZ,5.58,5.67,5.48,5.6,5.57,0.03,0.5386,186507.0,104337.444
20200706,002350.SZ,5.42,5.6,5.25,5.57,5.48,0.09,1.6423,249966.2,135939.226
20200703,002350.SZ,5.89,5.89,5.46,5.48,5.35,0.13,2.4299,252241.22,142854.97
20200701,002350.SZ,5.24,5.36,5.17,5.35,5.24,0.11,2.0992,88327.32,46388.495
20200630,002350.SZ,5.28,5.3,5.2,5.24,5.27,-0.03,-0.5693,67916.14,35641.093
20200629,002350.SZ,5.21,5.32,5.13,5.27,5.27,0.0,0.0,69510.76,36361.599
20200624,002350.SZ,5.22,5.34,5.22,5.27,5.26,0.01,0.1901,62936.11,33255.551
20200623,002350.SZ,5.22,5.36,5.22,5.26,5.28,-0.02,-0.3788,83361.45,44122.085
20200622,002350.SZ,5.17,5.33,5.14,5.28,5.19,0.09,1.7341,107360.26,56026.992
20200619,002350.SZ,5.26,5.33,5.16,5.19,5.35,-0.16,-2.9907,148467.35,77403.732
20200618,002350.SZ,5.62,5.8,5.33,5.35,5.63,-0.28,-4.9734,268187.45,148390.675
20200617,002350.SZ,5.63,5.63,5.58,5.63,5.12,0.51,9.9609,114740.08,64590.758
20200616,002350.SZ,5.07,5.14,5.07,5.12,5.08,0.04,0.7874,31606.97,16144.006
20200615,002350.SZ,4.98,5.1,4.98,5.08,5.02,0.06,1.1952,34298.04,17390.988
20200612,002350.SZ,4.98,5.04,4.75,5.02,5.04,-0.02,-0.3968,25919.28,12878.275
20200611,002350.SZ,5.02,5.07,5.01,5.04,5.03,0.01,0.1988,20095.36,10125.343
20200610,002350.SZ,5.07,5.08,5.01,5.03,5.06,-0.03,-0.5929,18808.68,9463.825
20200609,002350.SZ,5.11,5.11,5.01,5.06,5.09,-0.03,-0.5894,29043.36,14661.289
20200608,002350.SZ,5.04,5.16,5.04,5.09,5.03,0.06,1.1928,33294.56,16987.245
20200605,002350.SZ,5.09,5.11,5.03,5.03,5.11,-0.08,-1.5656,28356.7,14329.848
20200604,002350.SZ,5.17,5.17,5.07,5.11,5.14,-0.03,-0.5837,29992.52,15303.445
20200603,002350.SZ,5.15,5.19,5.12,5.14,5.16,-0.02,-0.3876,30459.85,15692.28
20200602,002350.SZ,5.15,5.22,5.12,5.16,5.13,0.03,0.5848,28373.06,14631.017
20200601,002350.SZ,5.08,5.15,5.01,5.13,5.04,0.09,1.7857,35662.48,18246.777
20200529,002350.SZ,5.01,5.06,5.0,5.04,5.02,0.02,0.3984,23672.78,11916.355
20200528,002350.SZ,5.07,5.09,4.95,5.02,5.05,-0.03,-0.5941,27943.8,13974.619
20200527,002350.SZ,5.03,5.1,5.0,5.05,5.03,0.02,0.3976,36763.9,18561.822
20200526,002350.SZ,4.89,5.1,4.89,5.03,4.89,0.14,2.863,29519.87,14798.458
20200525,002350.SZ,4.89,4.94,4.85,4.89,4.89,0.0,0.0,18177.74,8886.508
20200522,002350.SZ,4.97,5.01,4.8,4.89,4.98,-0.09,-1.8072,39567.99,19399.294
20200521,002350.SZ,5.07,5.09,4.95,4.98,5.06,-0.08,-1.581,31083.23,15563.017
20200520,002350.SZ,5.08,5.1,4.96,5.06,5.08,-0.02,-0.3937,27056.33,13659.549
20200519,002350.SZ,5.22,5.22,5.05,5.08,5.05,0.03,0.5941,45961.5,23411.976
20200518,002350.SZ,5.72,5.77,5.6,5.62,5.78,-0.16,-2.7682,45114.01,25569.19
20200515,002350.SZ,5.78,5.86,5.72,5.78,5.78,0.0,0.0,35652.66,20598.592
20200514,002350.SZ,5.76,5.89,5.69,5.78,5.76,0.02,0.3472,56277.27,32742.06
20200513,002350.SZ,5.74,5.8,5.72,5.76,5.76,0.0,0.0,26672.53,15357.837
20200512,002350.SZ,5.76,5.78,5.69,5.76,5.74,0.02,0.3484,38528.45,22091.935
20200511,002350.SZ,5.8,5.86,5.7,5.74,5.69,0.05,0.8787,71247.63,41101.702
20200508,002350.SZ,5.63,5.69,5.6,5.69,5.6,0.09,1.6071,38154.39,21566.408
20200507,002350.SZ,5.65,5.65,5.58,5.6,5.63,-0.03,-0.5329,25058.86,14063.865
20200506,002350.SZ,5.5,5.65,5.39,5.63,5.5,0.13,2.3636,41200.36,22930.19
20200430,002350.SZ,5.36,5.52,5.36,5.5,5.39,0.11,2.0408,34634.4,18941.414
20200429,002350.SZ,5.26,5.43,5.25,5.39,5.31,0.08,1.5066,31487.36,16916.232
20200428,002350.SZ,5.51,5.52,5.11,5.31,5.49,-0.18,-3.2787,51231.31,27201.779
20200427,002350.SZ,5.56,5.64,5.48,5.49,5.59,-0.1,-1.7889,37049.0,20587.232
20200424,002350.SZ,5.69,5.75,5.54,5.59,5.68,-0.09,-1.5845,44656.51,25068.686
20200423,002350.SZ,5.79,5.84,5.65,5.68,5.77,-0.09,-1.5598,48026.92,27326.408
20200422,002350.SZ,5.6,5.95,5.58,5.77,5.66,0.11,1.9435,82956.44,47890.544
20200421,002350.SZ,5.71,5.74,5.53,5.66,5.74,-0.08,-1.3937,48795.74,27391.771
20200420,002350.SZ,5.71,5.75,5.61,5.74,5.72,0.02,0.3497,37507.24,21422.79
20200417,002350.SZ,5.81,5.85,5.68,5.72,5.79,-0.07,-1.209,60215.92,34726.895
20200416,002350.SZ,5.72,5.86,5.67,5.79,5.78,0.01,0.173,65699.53,38025.122
20200415,002350.SZ,5.7,5.88,5.66,5.78,5.71,0.07,1.2259,81110.6,47027.811
20200414,002350.SZ,5.59,5.72,5.58,5.71,5.58,0.13,2.3297,45516.47,25857.01
20200413,002350.SZ,5.52,5.61,5.42,5.58,5.56,0.02,0.3597,37229.06,20581.744
20200410,002350.SZ,5.74,5.75,5.56,5.56,5.75,-0.19,-3.3043,62865.97,35374.17
20200409,002350.SZ,5.73,5.83,5.72,5.75,5.74,0.01,0.1742,71934.02,41495.594
20200408,002350.SZ,5.64,5.79,5.61,5.74,5.7,0.04,0.7018,65735.49,37538.107
20200407,002350.SZ,5.72,5.76,5.61,5.7,5.59,0.11,1.9678,89164.01,50792.111
20200403,002350.SZ,5.57,5.61,5.39,5.59,5.61,-0.02,-0.3565,84461.75,46375.36
20200402,002350.SZ,5.44,5.62,5.21,5.61,5.48,0.13,2.3723,82295.61,45021.985
20200401,002350.SZ,5.62,5.7,5.47,5.48,5.61,-0.13,-2.3173,84174.42,47046.836
20200331,002350.SZ,5.66,5.82,5.6,5.61,5.73,-0.12,-2.0942,107889.2,61399.332
20200330,002350.SZ,6.12,6.18,5.73,5.73,6.37,-0.64,-10.0471,279200.65,163328.708
20200327,002350.SZ,6.81,6.86,6.37,6.37,6.68,-0.31,-4.6407,264247.8,174812.032
20200326,002350.SZ,6.95,7.04,6.68,6.68,7.09,-0.41,-5.7828,365736.78,249671.626
20200325,002350.SZ,6.9,7.38,6.78,7.09,6.71,0.38,5.6632,565457.39,399319.347
20200324,002350.SZ,6.25,6.71,6.13,6.71,6.1,0.61,10.0,284171.88,187961.023
20200323,002350.SZ,6.06,6.38,6.06,6.1,6.73,-0.63,-9.3611,216341.35,134151.702
20200320,002350.SZ,6.61,6.89,6.42,6.73,6.64,0.09,1.3554,319842.64,213454.959
20200319,002350.SZ,6.11,6.66,6.11,6.64,6.17,0.47,7.6175,265911.14,171599.47
20200318,002350.SZ,6.1,6.43,6.07,6.17,6.1,0.07,1.1475,144432.57,90265.38
20200317,002350.SZ,5.91,6.18,5.7,6.1,5.92,0.18,3.0405,92757.01,55342.97
20200316,002350.SZ,6.3,6.45,5.9,5.92,6.26,-0.34,-5.4313,113099.33,69607.652
20200313,002350.SZ,5.77,6.45,5.72,6.26,6.15,0.11,1.7886,119668.33,73169.498
20200312,002350.SZ,6.26,6.4,6.11,6.15,6.5,-0.35,-5.3846,126838.1,78962.775
20200311,002350.SZ,6.71,6.98,6.5,6.5,6.8,-0.3,-4.4118,211119.08,142134.201
20200310,002350.SZ,6.45,6.84,6.25,6.8,6.55,0.25,3.8168,249052.25,163823.059
20200309,002350.SZ,6.22,6.55,6.15,6.55,6.35,0.2,3.1496,182378.05,116562.956
20200306,002350.SZ,6.37,6.44,6.31,6.35,6.49,-0.14,-2.1572,107505.57,68450.121
20200305,002350.SZ,6.26,6.68,6.21,6.49,6.16,0.33,5.3571,193359.65,124546.627
20200304,002350.SZ,6.09,6.17,6.04,6.16,6.15,0.01,0.1626,57160.11,34899.426
20200303,002350.SZ,6.19,6.3,6.11,6.15,6.09,0.06,0.9852,77771.58,48274.886
20200302,002350.SZ,5.94,6.12,5.89,6.09,5.87,0.22,3.7479,68384.01,41313.707
20200228,002350.SZ,5.91,6.2,5.86,5.87,6.25,-0.38,-6.08,88993.05,53508.419
20200227,002350.SZ,6.19,6.37,6.15,6.25,6.19,0.06,0.9693,89789.57,56144.779
20200226,002350.SZ,6.19,6.43,6.12,6.19,6.28,-0.09,-1.4331,119451.6,75154.284
20200225,002350.SZ,6.18,6.35,5.93,6.28,6.4,-0.12,-1.875,159153.71,98607.473
20200224,002350.SZ,6.2,6.52,6.08,6.4,6.14,0.26,4.2345,178429.66,112319.831
20200221,002350.SZ,6.18,6.25,6.12,6.14,6.2,-0.06,-0.9677,112781.56,69689.759
20200220,002350.SZ,6.07,6.23,5.94,6.2,6.08,0.12,1.9737,136050.11,83301.161
20200219,002350.SZ,6.23,6.26,6.04,6.08,6.28,-0.2,-3.1847,126933.5,78189.836
20200218,002350.SZ,6.1,6.39,6.06,6.28,6.16,0.12,1.9481,174172.5,108591.28
20200217,002350.SZ,6.0,6.17,5.95,6.16,6.06,0.1,1.6502,126684.6,76711.019
20200214,002350.SZ,5.79,6.19,5.71,6.06,5.99,0.07,1.1686,160717.53,95509.993
20200213,002350.SZ,6.2,6.44,5.99,5.99,5.92,0.07,1.1824,280371.9,173459.234
20200212,002350.SZ,5.46,5.92,5.45,5.92,5.38,0.54,10.0372,155563.45,89984.065
20200211,002350.SZ,5.47,5.49,5.37,5.38,5.47,-0.09,-1.6453,39459.27,21350.565
20200210,002350.SZ,5.32,5.47,5.27,5.47,5.32,0.15,2.8195,46564.08,25228.387
20200207,002350.SZ,5.19,5.34,5.13,5.32,5.19,0.13,2.5048,53671.38,28235.062
20200206,002350.SZ,5.11,5.22,5.1,5.19,5.14,0.05,0.9728,50352.95,26031.271
20200205,002350.SZ,5.09,5.23,5.09,5.14,5.08,0.06,1.1811,47655.51,24578.871
20200204,002350.SZ,4.72,5.23,4.72,5.08,5.24,-0.16,-3.0534,77073.61,38838.267
20200203,002350.SZ,5.24,5.24,5.24,5.24,5.82,-0.58,-9.9656,11901.0,6236.124
20200123,002350.SZ,5.98,6.02,5.74,5.82,5.99,-0.17,-2.8381,48644.92,28534.58
20200122,002350.SZ,5.92,6.07,5.83,5.99,6.0,-0.01,-0.1667,48130.38,28812.409
20200121,002350.SZ,6.16,6.17,5.96,6.0,6.15,-0.15,-2.439,57842.42,34871.239
20200120,002350.SZ,6.08,6.16,6.05,6.15,6.1,0.05,0.8197,49417.89,30162.397
20200117,002350.SZ,6.14,6.22,6.1,6.1,6.19,-0.09,-1.454,59659.4,36665.953
20200116,002350.SZ,6.34,6.34,6.19,6.19,6.36,-0.17,-2.673,78552.9,48990.967
20200115,002350.SZ,6.55,6.6,6.25,6.36,6.59,-0.23,-3.4901,148040.02,93985.57
20200114,002350.SZ,6.48,6.92,6.45,6.59,6.54,0.05,0.7645,211606.87,141252.242
20200113,002350.SZ,6.5,6.62,6.41,6.54,6.71,-0.17,-2.5335,260810.94,169894.614
20200110,002350.SZ,6.05,6.71,5.97,6.71,6.1,0.61,10.0,332168.68,215221.161
20200109,002350.SZ,6.28,6.37,5.92,6.1,6.05,0.05,0.8264,140280.25,85630.713
20200108,002350.SZ,6.2,6.52,6.01,6.05,5.93,0.12,2.0236,182015.88,111934.573
20200107,002350.SZ,5.75,6.07,5.75,5.93,5.72,0.21,3.6713,101464.57,59886.982
20200106,002350.SZ,5.65,5.74,5.65,5.72,5.69,0.03,0.5272,28396.1,16216.815
20200103,002350.SZ,5.66,5.74,5.65,5.69,5.67,0.02,0.3527,23224.1,13208.64
20200102,002350.SZ,5.65,5.68,5.6,5.67,5.6,0.07,1.25,30157.31,17036.562
